hex_id,value
8744ceb06ffffff,11
8744c3ba2ffffff,16
8744c3bb2ffffff,3
8744c312affffff,7
8744c38c2ffffff,14
8744c38c6ffffff,16
8744c38d5ffffff,4
8744c15a3ffffff,12
8744ce472ffffff,20
8744ceb86ffffff,5
8744cebb3ffffff,7
8744ea4caffffff,7
8744c3b80ffffff,16
8744c1494ffffff,11
8744c14b3ffffff,69
8744c3000ffffff,18
8744c3020ffffff,10
8744c300bffffff,15
8744c3054ffffff,26
8744ce000ffffff,6
8744c3158ffffff,12
8744c3172ffffff,10
8744ceba0ffffff,18
8744ceba4ffffff,16
8744c3069ffffff,20
8744c3003ffffff,65
8744c3008ffffff,68
8744ea4c9ffffff,31
8744c14adffffff,29
8744c3040ffffff,22
8744c3053ffffff,24
8744c300effffff,25
8744c38c3ffffff,15
8744c3ba0ffffff,11
8744c141dffffff,21
8744c1b05ffffff,26
8744ce949ffffff,106
8744c1a84ffffff,6830
8744ce864ffffff,31
8744c302bffffff,83
8744ce875ffffff,58
8744c32c9ffffff,157
8744c3a23ffffff,3071
8744c38e9ffffff,30
8744c3734ffffff,24
8744c3044ffffff,25
8744c14a9ffffff,6
8744c3b83ffffff,118
8744c1b04ffffff,1499
8744c14b2ffffff,196
8744c1b62ffffff,129
8744c3bb5ffffff,4
8744c3bb6ffffff,6
8744c312effffff,6
8744c109effffff,933
8744c3744ffffff,5
8744c3771ffffff,11
8744c3775ffffff,8
8744c3703ffffff,14
8744ce865ffffff,102
8744c3009ffffff,22
8744cecf5ffffff,70
8744ced9effffff,72
8744ce8b0ffffff,1117
8744c109cffffff,671
8744c1a0affffff,764
8744c3ad9ffffff,146
8744c102affffff,82
8744c1a92ffffff,6297
8744c3b2effffff,28
8744c3adaffffff,206
8744ce508ffffff,68
8744c1663ffffff,3761
8744c1ab1ffffff,4196
8744c1781ffffff,71
8744ce94bffffff,198
8744c315dffffff,30
8744ce476ffffff,54
8744c30d4ffffff,11
8744c3749ffffff,19
8744ceb15ffffff,10
8744ce0f5ffffff,17
8744c1ab5ffffff,2584
8744c3b81ffffff,102
8744c3731ffffff,25
8744c3704ffffff,30
8744c315affffff,66
8744c3173ffffff,61
8744c1311ffffff,7610
8744cec45ffffff,23
8744c1a12ffffff,6955
8744c120cffffff,3818
8744cecdcffffff,52
8744c3a29ffffff,1008
8744c1486ffffff,247
8744c1a03ffffff,2443
8744c1a32ffffff,8076
8744c344dffffff,72
8744ce576ffffff,5
8744c3055ffffff,56
8744c3076ffffff,93
8744ea4c8ffffff,57
8744c331cffffff,90
8744c1750ffffff,2260
8744ce556ffffff,42
8744c1b03ffffff,3529
8744c3314ffffff,62
8744c3148ffffff,17
8744c3a05ffffff,5952
8744c1b8bffffff,2678
8744c1743ffffff,3306
8744c132affffff,7329
8744c3364ffffff,241
8744dd935ffffff,99
8744c3300ffffff,120
8744c1b06ffffff,4718
8744ce414ffffff,113
8744cc496ffffff,162
8744c1b66ffffff,182
8744ea4ddffffff,106
8744c17a2ffffff,506
8744c10aaffffff,227
8744c1064ffffff,4357
8744c3046ffffff,34
8744c1b02ffffff,718
8744c1b75ffffff,48
8744c3ad8ffffff,105
8744c10a5ffffff,1260
8744ce55effffff,216
8744c1310ffffff,5895
8744ce8c0ffffff,90
8744ce429ffffff,141
8744c104affffff,6370
8744ce501ffffff,6
8744ce552ffffff,141
8744c1b0bffffff,2380
8744c1783ffffff,384
8744c3029ffffff,61
8744c3060ffffff,51
8744c3070ffffff,53
8744c302cffffff,53
8744ceb90ffffff,74
8744c3acbffffff,277
8744c106effffff,6143
8744cec68ffffff,192
8744ce50bffffff,61
8744c3b99ffffff,69
8744ea4cbffffff,106
8744c3705ffffff,28
8744c114bffffff,5161
8744c3b9affffff,152
8744c100affffff,745
8744c3a96ffffff,54
8744c1aaeffffff,6464
8744c1aa1ffffff,4316
8744ce020ffffff,73
8744c3342ffffff,48
8744c3224ffffff,13
8744ce85bffffff,34
8744ce8e3ffffff,59
8744dd92bffffff,24
8744ceb05ffffff,17
8744ce50effffff,17
8744ceb12ffffff,11
8744ceba3ffffff,30
8744cec92ffffff,35
8744c3ba3ffffff,54
8744c14f4ffffff,102
8744c1414ffffff,27
8744c14cbffffff,92
8744c3666ffffff,70
8744c3addffffff,73
8744c1201ffffff,3419
8744c1635ffffff,2654
8744ced90ffffff,358
8744c1a04ffffff,1364
8744cec44ffffff,42
8744c1644ffffff,4496
8744c33b5ffffff,39
8744c160cffffff,853
8744c3acaffffff,161
8744c170affffff,1565
8744c1643ffffff,4158
8744c1a91ffffff,7596
8744c1a30ffffff,2686
8744c1aabffffff,9019
8744dd922ffffff,380
8744c3b9cffffff,123
8744c1a0effffff,2131
8744c3968ffffff,11
8744c3869ffffff,19
8744c1b1dffffff,4168
8744ce433ffffff,114
8744c1b99ffffff,602
8744c332cffffff,141
8744c374cffffff,24
8744c3660ffffff,48
8744c166effffff,2386
8744c3a2effffff,2976
8744c1053ffffff,2820
8744c3a10ffffff,2195
8744cec63ffffff,37
8744c1782ffffff,283
8744c1091ffffff,389
8744c3a08ffffff,1307
8744c115dffffff,4913
8744c1aadffffff,2028
8744dd931ffffff,310
8744c3a09ffffff,450
8744c3aa4ffffff,133
8744ea4dcffffff,103
8744c1641ffffff,2981
8744c1646ffffff,3370
8744ce110ffffff,393
8744c1b23ffffff,752
8744c179cffffff,564
8744c1153ffffff,194
8744c1af1ffffff,2677
8744c1325ffffff,11034
8744c3216ffffff,92
8744c32a5ffffff,69
8744c32adffffff,87
8744ce553ffffff,225
8744c1a95ffffff,6727
8744cecc9ffffff,198
8744c1a34ffffff,2408
8744c3ac3ffffff,188
8744c1645ffffff,3757
8744c166affffff,3719
8744c3729ffffff,95
8744cece1ffffff,179
8744c115affffff,2636
8744c1b60ffffff,174
8744c1205ffffff,5163
8744ce8c5ffffff,290
8744c3a95ffffff,58
8744cec5cffffff,61
8744ced41ffffff,453
8744c1728ffffff,2906
8744ce404ffffff,338
8744c1381ffffff,5953
8744c394bffffff,95
8744c3ae5ffffff,212
8744c315bffffff,102
8744ea4ccffffff,179
8744ce1b2ffffff,414
8744c3152ffffff,23
8744c104cffffff,13221
8744ceb30ffffff,57
8744ce415ffffff,187
8744ce8b2ffffff,680
8744c3a2affffff,5673
8744c1395ffffff,7549
8744c1003ffffff,2868
8744c3a14ffffff,3466
8744c1608ffffff,1703
8744ce475ffffff,397
8744c3accffffff,55
8744c30d0ffffff,103
8744c1a81ffffff,17053
8744c3063ffffff,65
8744c16ddffffff,642
8744c3306ffffff,180
8744ce409ffffff,31
8744c1482ffffff,36
8744c3a74ffffff,1577
8744ce51cffffff,203
8744c1659ffffff,2169
8744c3748ffffff,57
8744ced4cffffff,663
8744c3159ffffff,140
8744c3a0dffffff,3500
8744c1a26ffffff,3008
8744c1aa3ffffff,5686
8744ce51dffffff,421
8744c1780ffffff,862
8744c3b03ffffff,107
8744c13b3ffffff,3609
8744c3373ffffff,46
8744cec6dffffff,264
8744ce916ffffff,52
8744c30c1ffffff,26
8744c130dffffff,5722
8744c38c1ffffff,24
8744c1af2ffffff,2996
8744c3123ffffff,30
8744c3328ffffff,551
8744ce808ffffff,105
8744c102effffff,1993
8744c3329ffffff,329
8744cec69ffffff,469
8744ce948ffffff,46
8744ce470ffffff,138
8744ceb31ffffff,72
8744c1a35ffffff,1430
8744ce500ffffff,300
8744ce9aaffffff,89
8744c164effffff,3044
8744c38cdffffff,109
8744c1ae6ffffff,1573
8744dd923ffffff,363
8744ce50affffff,215
8744c1071ffffff,7420
8744ea7b6ffffff,22
8744ce503ffffff,188
8744ce8a1ffffff,966
8744c1a90ffffff,6395
8744c3042ffffff,39
8744c3071ffffff,56
8744c1751ffffff,6462
8744ce55bffffff,222
8744ce8edffffff,189
8744c1435ffffff,27
8744c1188ffffff,3017
8744c1a86ffffff,5164
8744ced1cffffff,18
8744c3b36ffffff,29
8744c1471ffffff,9
8744c17a6ffffff,1980
8744c3a2bffffff,3277
8744c1023ffffff,1665
8744c3b9dffffff,101
8744ce86affffff,19
8744ceb34ffffff,23
8744ced34ffffff,256
8744ced4effffff,568
8744c1b0effffff,3890
8744c38dbffffff,73
8744c1b70ffffff,227
8744ced6affffff,2646
8744ce113ffffff,614
8744c3a72ffffff,543
8744ce981ffffff,1011
8744ce85affffff,64
8744c1af4ffffff,5526
8744c332affffff,379
8744c3b98ffffff,85
8744c3368ffffff,345
8744ce858ffffff,229
8744c3305ffffff,152
8744c139bffffff,3569
8744ced49ffffff,628
8744c1a16ffffff,6910
8744ce55affffff,165
8744c1658ffffff,2390
8744c1a94ffffff,5651
8744c1035ffffff,507
8744ce905ffffff,1530
8744c106affffff,8422
8744c3a1bffffff,1608
8744ce0a2ffffff,46
8744c1331ffffff,13552
8744c1004ffffff,259
8744c3aa2ffffff,194
8744c1753ffffff,3927
8744c115bffffff,2539
8744c1631ffffff,1085
8744ced43ffffff,296
8744ce462ffffff,96
8744c3326ffffff,718
8744c1ba9ffffff,4477
8744c326cffffff,25
8744ce894ffffff,900
8744ce194ffffff,114
8744c3b70ffffff,132
8744c3661ffffff,44
8744c3a03ffffff,8957
8744c1785ffffff,148
8744c3aeeffffff,233
8744c1315ffffff,8686
8744c110affffff,606
8744c3af0ffffff,1534
8744ced40ffffff,1203
8744ce976ffffff,1218
8744c385affffff,33
8744cebb6ffffff,308
8744c1792ffffff,167
8744cec52ffffff,360
8744c1ab2ffffff,1505
8744c1a11ffffff,4449
8744ce861ffffff,41
8744ce869ffffff,30
8744ce474ffffff,126
8744c178bffffff,777
8744ce022ffffff,547
8744cec71ffffff,87
8744c1a13ffffff,6152
8744c1b74ffffff,36
8744c316affffff,305
8744c30c4ffffff,99
8744ce190ffffff,192
8744ce983ffffff,1773
8744c1746ffffff,4991
8744ce8a0ffffff,1395
8744c3346ffffff,96
8744c30c3ffffff,39
8744ce505ffffff,32
8744cec9effffff,28
8744c310affffff,9
8744c310effffff,13
8744c122affffff,6161
8744c1b76ffffff,1104
8744c1aa8ffffff,7533
8744c1295ffffff,7010
8744c161effffff,1185
8744c1306ffffff,7283
8744c1ba1ffffff,2451
8744ce94affffff,130
8744ce841ffffff,131
8744c172effffff,2030
8744c1b0dffffff,1228
8744c178affffff,617
8744ce860ffffff,137
8744c170effffff,4858
8744c3a9affffff,31
8744ce591ffffff,72
8744c1761ffffff,9208
8744c3b65ffffff,197
8744ce859ffffff,38
8744ce85dffffff,38
8744ce592ffffff,159
8744c1066ffffff,4608
8744c3064ffffff,73
8744c1af5ffffff,2663
8744c1a00ffffff,3323
8744ce8ebffffff,144
8744ce893ffffff,759
8744c336affffff,79
8744ce196ffffff,426
8744ced89ffffff,88
8744ce85effffff,238
8744ce994ffffff,2035
8744c3ac9ffffff,187
8744c3170ffffff,67
8744ce918ffffff,870
8744cec9cffffff,160
8744ce84affffff,325
8744c3143ffffff,68
8744ce471ffffff,173
8744c1741ffffff,4431
8744c1b2affffff,2947
8744ce92effffff,1676
8744c32acffffff,131
8744c101dffffff,569
8744ceca1ffffff,26
8744c1022ffffff,1136
8744c105cffffff,6577
8744c1a15ffffff,4850
8744c1793ffffff,233
8744c17b6ffffff,597
8744c1749ffffff,4044
8744c3a8cffffff,634
8744cc499ffffff,91
8744c3141ffffff,414
8744c1062ffffff,5531
8744c1aacffffff,6145
8744ceccdffffff,362
8744cec91ffffff,60
8744c175dffffff,5338
8744cec58ffffff,59
8744c106bffffff,5837
8744c1411ffffff,75
8744ce86bffffff,123
8744c3302ffffff,133
8744ea4d1ffffff,238
8744cebb4ffffff,191
8744c16d8ffffff,164
8744c3732ffffff,69
8744c3733ffffff,53
8744c3a56ffffff,46
8744c3449ffffff,67
8744ea4cdffffff,28
8744c3142ffffff,77
8744ceb36ffffff,48
8744c3283ffffff,147
8744c170bffffff,1509
8744c1649ffffff,142
8744c1a10ffffff,4224
8744cebb2ffffff,134
8744c1459ffffff,2910
8744c1441ffffff,169
8744ce844ffffff,121
8744c100dffffff,7061
8744cc49affffff,259
8744c3714ffffff,39
8744c3715ffffff,39
8744c3441ffffff,64
8744c38c5ffffff,30
8744c3aceffffff,115
8744c115cffffff,1930
8744c10e2ffffff,2770
8744cec03ffffff,77
8744cec55ffffff,218
8744c1321ffffff,13816
8744ce80dffffff,247
8744ea4c2ffffff,138
8744c3323ffffff,281
8744c1b19ffffff,2544
8744ceb91ffffff,29
8744c320bffffff,74
8744c1b18ffffff,2727
8744c3369ffffff,116
8744c3a76ffffff,2521
8744c3b64ffffff,145
8744c3aacffffff,932
8744c14c9ffffff,288
8744ea4ceffffff,69
8744c146affffff,138
8744c3ac8ffffff,136
8744cec42ffffff,121
8744ced93ffffff,192
8744c131affffff,8996
8744c321effffff,129
8744c151affffff,23
8744cec6bffffff,115
8744c1063ffffff,5814
8744c12b3ffffff,3134
8744c10d5ffffff,2128
8744c1aa9ffffff,3661
8744c1b8dffffff,2101
8744c10e6ffffff,1033
8744cec46ffffff,373
8744ce432ffffff,24
8744ce848ffffff,79
8744c3adcffffff,388
8744c121dffffff,6167
8744c332effffff,269
8744cedb1ffffff,170
8744c1708ffffff,1535
8744c316bffffff,94
8744c10e3ffffff,757
8744c3b51ffffff,1460
8744c1419ffffff,41
8744cec75ffffff,524
8744ced44ffffff,1385
8744c13a8ffffff,3769
8744ce86effffff,207
8744c1113ffffff,415
8744c1a85ffffff,10693
8744c17acffffff,506
8744c38c8ffffff,64
8744ce843ffffff,51
8744ce84effffff,44
8744c3383ffffff,99
8744c3a82ffffff,119
8744c1a8cffffff,7661
8744c3b0affffff,1872
8744c1061ffffff,6244
8744c1020ffffff,195
8744c13aaffffff,9795
8744c3385ffffff,82
8744c33aeffffff,77
8744c1794ffffff,409
8744c3169ffffff,944
8744c1626ffffff,939
8744cecedffffff,563
8744ea4d3ffffff,2500
8744c14f3ffffff,139
8744cec40ffffff,50
8744c1796ffffff,335
8744ea4c3ffffff,209
8744c3b1effffff,100
8744c1a1affffff,5944
8744c1028ffffff,701
8744c1b11ffffff,4088
8744c325affffff,49
8744c1731ffffff,833
8744cec51ffffff,155
8744c3343ffffff,55
8744c3a2dffffff,3227
8744c3a8effffff,228
8744c13b2ffffff,5452
8744c3274ffffff,49
8744c3a4bffffff,321
8744ce186ffffff,219
8744c1034ffffff,1213
8744c171bffffff,931
8744ce8e9ffffff,200
8744c172dffffff,3988
8744c1399ffffff,4891
8744c17b2ffffff,787
8744c3b31ffffff,105
8744c1648ffffff,555
8744c1ab4ffffff,1147
8744ce9b1ffffff,831
8744cec53ffffff,484
8744c3af5ffffff,1174
8744c1042ffffff,7834
8744c3332ffffff,185
8744ce89bffffff,303
8744c30c6ffffff,102
8744c14e6ffffff,70
8744c329dffffff,1486
8744ce8a8ffffff,743
8744c332dffffff,85
8744c1af0ffffff,6523
8744c17adffffff,332
8744c3362ffffff,164
8744cec70ffffff,1193
8744cecd9ffffff,2074
8744c3b1cffffff,331
8744c104dffffff,9583
8744cec64ffffff,131
8744ce131ffffff,74
8744c132bffffff,7962
8744c1072ffffff,7424
8744c1392ffffff,5945
8744c1075ffffff,7661
8744ce990ffffff,1357
8744c3b62ffffff,105
8744c3a2cffffff,2805
8744cecc1ffffff,758
8744c3304ffffff,157
8744ced68ffffff,3024
8744cec6cffffff,314
8744c3a52ffffff,368
8744ce12dffffff,192
8744c171affffff,274
8744ce8abffffff,185
8744ced4affffff,275
8744c1076ffffff,8931
8744ce01effffff,83
8744c3a31ffffff,2253
8744c17a3ffffff,709
8744c1ad0ffffff,4899
8744ced51ffffff,133
8744c172affffff,3456
8744c3b5cffffff,908
8744c3140ffffff,95
8744c3a49ffffff,505
8744c16b6ffffff,770
8744c174effffff,5601
8744c1b2bffffff,2487
8744c3334ffffff,126
8744ced91ffffff,241
8744c10e0ffffff,96
8744c3144ffffff,103
8744c3ae8ffffff,63
8744c3a0affffff,1029
8744c3a13ffffff,671
8744cec73ffffff,1329
8744ce98cffffff,439
8744ce8d4ffffff,1008
8744c1383ffffff,2822
8744c3ae4ffffff,292
8744c16d9ffffff,146
8744c1480ffffff,181
8744c3a28ffffff,4923
8744c3073ffffff,29
8744c3344ffffff,228
8744c1651ffffff,2660
8744c1025ffffff,473
8744cecc8ffffff,322
8744c3340ffffff,138
8744c1060ffffff,4226
8744c1052ffffff,4932
8744c1b13ffffff,3965
8744c3b96ffffff,23
8744c312bffffff,27
8744ced9affffff,75
8744c3361ffffff,198
8744c3b8effffff,197
8744c3a01ffffff,7318
8744cec1effffff,160
8744c321affffff,62
8744c144effffff,525
8744ce845ffffff,108
8744c3b06ffffff,161
8744c15a2ffffff,82
8744c15b5ffffff,58
8744c3b5affffff,465
8744c1ad4ffffff,8860
8744ce862ffffff,175
8744ced36ffffff,1808
8744c3a0bffffff,316
8744c1313ffffff,4092
8744ceb96ffffff,183
8744ce1b1ffffff,158
8744c13a2ffffff,8569
8744c3154ffffff,59
8744c3336ffffff,836
8744c3a0cffffff,1004
8744ceba6ffffff,127
8744c10ceffffff,5874
8744c130cffffff,9191
8744c3741ffffff,58
8744c375dffffff,50
8744c3335ffffff,136
8744ce593ffffff,352
8744ceb35ffffff,92
8744ce814ffffff,647
8744ce575ffffff,97
8744ced86ffffff,632
8744ce883ffffff,363
8744c3aa6ffffff,434
8744ce8eaffffff,821
8744c106dffffff,12614
8744c17a0ffffff,1052
8744cec12ffffff,227
8744ceda2ffffff,803
8744c316effffff,21
8744ce544ffffff,390
8744c1318ffffff,6139
8744c1788ffffff,920
8744c3b29ffffff,340
8744c175effffff,419
8744ce856ffffff,96
8744cec16ffffff,120
8744ea4eaffffff,133
8744c1229ffffff,3428
8744ced6bffffff,2373
8744c10dbffffff,3763
8744dd92cffffff,58
8744c12b1ffffff,4259
8744c13adffffff,4669
8744ced5bffffff,385
8744c3254ffffff,55
8744ced99ffffff,255
8744c14b1ffffff,178
8744ce88affffff,281
8744c38ccffffff,142
8744c1058ffffff,3299
8744cecb1ffffff,97
8744ce99dffffff,952
8744c1416ffffff,209
8744c164cffffff,1012
8744c11adffffff,1294
8744c3664ffffff,71
8744c306effffff,43
8744c3a9cffffff,49
8744c3a91ffffff,44
8744ce98effffff,400
8744ce1b3ffffff,159
8744ce8a9ffffff,1096
8744c1b1effffff,6286
8744ceca6ffffff,89
8744c334dffffff,104
8744c3a8dffffff,928
8744c16caffffff,880
8744ced48ffffff,60
8744c3b82ffffff,37
8744c1668ffffff,2563
8744c30d5ffffff,21
8744c3b93ffffff,33
8744c120effffff,3753
8744c1391ffffff,6255
8744ce84dffffff,364
8744ce80cffffff,230
8744c1b1bffffff,111
8744c3235ffffff,82
8744ced9dffffff,449
8744c1202ffffff,6965
8744ea4deffffff,76
8744c3b11ffffff,133
8744c32ceffffff,188
8744c1312ffffff,7686
8744c1019ffffff,1812
8744c1046ffffff,7253
8744ce588ffffff,104
8744c1713ffffff,365
8744ce993ffffff,3712
8744c16c9ffffff,1887
8744c1bacffffff,6995
8744c1754ffffff,4469
8744c331bffffff,39
8744ce895ffffff,590
8744c33a3ffffff,27
8744ce809ffffff,278
8744ce558ffffff,516
8744c1159ffffff,6689
8744cec10ffffff,230
8744c131cffffff,6155
8744cec0cffffff,51
8744ced59ffffff,447
8744c1006ffffff,1872
8744ce863ffffff,408
8744ce96bffffff,111
8744c1769ffffff,6763
8744ce124ffffff,448
8744c3151ffffff,157
8744c1492ffffff,18
8744c334bffffff,46
8744c3263ffffff,76
8744c32e0ffffff,169
8744ced71ffffff,1374
8744c138affffff,3427
8744ce12cffffff,550
8744c17b5ffffff,866
8744ce996ffffff,438
8744cecacffffff,170
8744c105dffffff,11357
8744ce932ffffff,226
8744c1652ffffff,2957
8744c320effffff,100
8744ce86cffffff,63
8744ce8c1ffffff,540
8744ced30ffffff,2288
8744c12b4ffffff,5644
8744ce89dffffff,339
8744c3363ffffff,249
8744c144cffffff,870
8744c3005ffffff,52
8744c300cffffff,48
8744c302affffff,17
8744c30e5ffffff,27
8744ce184ffffff,282
8744ce9a4ffffff,1963
8744c336effffff,167
8744c3af4ffffff,1362
8744c1a05ffffff,2084
8744c129affffff,5232
8744c165dffffff,1037
8744c13a4ffffff,3168
8744ce92cffffff,3113
8744c131effffff,5339
8744ea4d2ffffff,1138
8744c3adeffffff,211
8744c164dffffff,2578
8744c1664ffffff,5056
8744c366effffff,54
8744ce12effffff,255
8744c1a93ffffff,6863
8744ce871ffffff,178
8744c3341ffffff,170
8744c1ba8ffffff,5946
8744ce55cffffff,201
8744c3220ffffff,67
8744c3319ffffff,37
8744ce0b0ffffff,11
8744ce98affffff,474
8744c1070ffffff,2512
8744c3395ffffff,113
8744cec74ffffff,217
8744dd921ffffff,206
8744ce928ffffff,3079
8744c1293ffffff,3930
8744c1335ffffff,10273
8744cecb6ffffff,115
8744ceb33ffffff,28
8744ce84bffffff,79
8744c3b75ffffff,314
8744ce806ffffff,955
8744c176bffffff,5341
8744ce885ffffff,1366
8744c13a0ffffff,6501
8744c1223ffffff,4787
8744ced9bffffff,107
8744ceca4ffffff,187
8744ce19affffff,165
8744c3aa0ffffff,134
8744c160dffffff,2421
8744c304cffffff,161
8744c3345ffffff,342
8744c1b2effffff,79
8744ce8c9ffffff,344
8744c1791ffffff,402
8744c102cffffff,1094
8744c1aa5ffffff,4930
8744c3043ffffff,223
8744cec65ffffff,212
8744c1050ffffff,4169
8744c3a69ffffff,429
8744c16acffffff,3557
8744ce80affffff,181
8744c305dffffff,129
8744c3aebffffff,79
8744c3a71ffffff,40
8744c170cffffff,1467
8744c118dffffff,2747
8744ced92ffffff,210
8744c1770ffffff,4695
8744c3b00ffffff,19
8744ce589ffffff,101
8744ce855ffffff,300
8744c1b1affffff,3780
8744c10ddffffff,2851
8744c14abffffff,261
8744ce8c3ffffff,4912
8744c3ac1ffffff,187
8744c3066ffffff,164
8744c1445ffffff,293
8744ce931ffffff,35
8744c3316ffffff,33
8744c1049ffffff,3388
8744c104effffff,7636
8744c3b30ffffff,29
8744c1326ffffff,8866
8744ce8a5ffffff,191
8744c1a82ffffff,10048
8744c1a1bffffff,4477
8744c33aaffffff,156
8744cec50ffffff,212
8744c3b08ffffff,435
8744c1aa0ffffff,5281
8744c3a1dffffff,1771
8744ceda0ffffff,170
8744ced66ffffff,1045
8744ce568ffffff,860
8744ce191ffffff,359
8744ced62ffffff,1169
8744ce095ffffff,36
8744ce09effffff,54
8744c1b55ffffff,162
8744ced75ffffff,599
8744ced5dffffff,196
8744c1010ffffff,2384
8744cecb4ffffff,298
8744c3b63ffffff,125
8744c30e8ffffff,23
8744c3ac0ffffff,95
8744ce815ffffff,1036
8744c106cffffff,5127
8744c1ad1ffffff,1190
8744c1148ffffff,5242
8744c138cffffff,4935
8744c1059ffffff,2864
8744c1a8bffffff,13277
8744ce854ffffff,314
8744c3ad3ffffff,185
8744c3212ffffff,229
8744c162bffffff,3719
8744c1baaffffff,6993
8744c1716ffffff,1707
8744ce19effffff,561
8744c3a19ffffff,1778
8744ea4c0ffffff,857
8744cec66ffffff,157
8744ce590ffffff,431
8744c10d3ffffff,4060
8744c1468ffffff,155
8744c33a8ffffff,102
8744c1b50ffffff,2105
8744c164bffffff,559
8744c3b04ffffff,176
8744c16dcffffff,692
8744c1af6ffffff,4437
8744ce81affffff,385
8744c1b89ffffff,2410
8744c1709ffffff,1924
8744c1a1cffffff,3787
8744ce10dffffff,161
8744ce198ffffff,349
8744c176affffff,4292
8744c13a1ffffff,12517
8744c30d2ffffff,96
8744c1a9cffffff,11990
8744c3972ffffff,121
8744c14dbffffff,707
8744c10a9ffffff,758
8744c10e4ffffff,2978
8744ce555ffffff,215
8744c1158ffffff,5053
8744c3200ffffff,1139
8744ce02cffffff,177
8744c16f6ffffff,88
8744c101affffff,1041
8744c1a2effffff,2594
8744c3b02ffffff,167
8744c1aaaffffff,12694
8744ce832ffffff,1892
8744ceda9ffffff,51
8744c1118ffffff,765
8744ce999ffffff,729
8744c3b18ffffff,218
8744c16d3ffffff,409
8744ea4d0ffffff,805
8744cedacffffff,118
8744c3a15ffffff,6901
8744c1ab3ffffff,1495
8744c3052ffffff,31
8744c300affffff,18
8744c30e6ffffff,33
8744ce80bffffff,136
8744c338affffff,143
8744c3b90ffffff,49
8744c38c0ffffff,50
8744c145bffffff,3205
8744c3229ffffff,323
8744c38ddffffff,34
8744c1206ffffff,5363
8744c1458ffffff,2856
8744c1a80ffffff,10981
8744c30c0ffffff,95
8744ce8a2ffffff,1319
8744c1a28ffffff,543
8744ce986ffffff,3293
8744cec14ffffff,76
8744c114affffff,5927
8744ce84cffffff,144
8744c1068ffffff,5870
8744c1a01ffffff,2442
8744cecddffffff,2081
8744cec32ffffff,485
8744c1065ffffff,6151
8744cecebffffff,695
8744ced9cffffff,184
8744c3af2ffffff,479
8744c146bffffff,869
8744c159affffff,32
8744ce8c2ffffff,331
8744ce58bffffff,164
8744c3a11ffffff,1924
8744c3230ffffff,71
8744c3223ffffff,67
8744c1396ffffff,4738
8744c30c2ffffff,209
8744ce134ffffff,591
8744c1251ffffff,668
8744c3663ffffff,122
8744c10acffffff,3017
8744c111affffff,901
8744c1662ffffff,2326
8744c1a1dffffff,3504
8744c10c0ffffff,3321
8744c1051ffffff,5722
8744c3ad1ffffff,91
8744c1baeffffff,4803
8744c3735ffffff,22
8744c308effffff,10
8744c33a1ffffff,14
8744c3b24ffffff,14
8744c159dffffff,11
8744c1413ffffff,16
8744c15a1ffffff,16
8744c15a6ffffff,20
8744ceb26ffffff,7
8744c1584ffffff,39
8744c15a0ffffff,20
8744c15a5ffffff,31
8744c15a9ffffff,24
8744c3ab2ffffff,128
8744c1775ffffff,4190
8744ceb95ffffff,58
8744c1b9bffffff,359
8744ce19bffffff,351
8744c115effffff,2327
8744ce804ffffff,1298
8744ce873ffffff,378
8744c330affffff,113
8744c314affffff,131
8744cec59ffffff,82
8744c1236ffffff,6543
8744c10f4ffffff,772
8744ced45ffffff,2063
8744c1aa2ffffff,4362
8744c1683ffffff,654
8744cc492ffffff,163
8744c100cffffff,3055
8744c335dffffff,156
8744c3b2bffffff,458
8744c3b74ffffff,267
8744c32e5ffffff,90
8744ce91bffffff,544
8744cec29ffffff,131
8744c3371ffffff,132
8744c30dcffffff,254
8744c3a99ffffff,105
8744c3a9dffffff,75
8744ce840ffffff,265
8744ce136ffffff,839
8744ced53ffffff,363
8744c162effffff,2394
8744cec48ffffff,324
8744c11abffffff,2348
8744c13b6ffffff,5078
8744c32ccffffff,592
8744c3af6ffffff,414
8744c146dffffff,219
8744c1219ffffff,4689
8744c3348ffffff,138
8744c144bffffff,147
8744c1a2affffff,1270
8744c3264ffffff,80
8744ce102ffffff,225
8744c16ebffffff,857
8744c3313ffffff,94
8744ce5adffffff,234
8744ce569ffffff,352
8744c3ab6ffffff,116
8744c3214ffffff,147
8744ce19cffffff,352
8744c338cffffff,287
8744c1b51ffffff,536
8744ce8d6ffffff,174
8744c17a4ffffff,289
8744c1518ffffff,54
8744c1a06ffffff,2053
8744c12a1ffffff,4007
8744ced52ffffff,171
8744cec93ffffff,109
8744ce8b1ffffff,1825
8744c1401ffffff,210
8744c3a33ffffff,3275
8744ce908ffffff,1469
8744cecceffffff,1710
8744ced70ffffff,207
8744ce541ffffff,327
8744c338effffff,193
8744c3a0effffff,1545
8744c1a31ffffff,4074
8744ce8b6ffffff,3260
8744ced8bffffff,269
8744ced0effffff,132
8744c3badffffff,385
8744c1403ffffff,464
8744ce551ffffff,210
8744ced88ffffff,610
8744c3b6cffffff,287
8744c336bffffff,189
8744c14d0ffffff,64
8744ced6effffff,232
8744c1a8dffffff,9919
8744c1009ffffff,6461
8744ce98dffffff,1577
8744c3a04ffffff,7089
8744ce872ffffff,1144
8744c16c1ffffff,866
8744c1308ffffff,10354
8744c1656ffffff,5199
8744c30deffffff,272
8744ce584ffffff,182
8744c1660ffffff,5493
8744c1a18ffffff,6340
8744ce546ffffff,348
8744c17a5ffffff,244
8744ced80ffffff,3137
8744ce99cffffff,3343
8744c1303ffffff,7337
8744c1085ffffff,290
8744ced58ffffff,228
8744c1a99ffffff,8984
8744c3b05ffffff,52
8744c1073ffffff,6952
8744c1babffffff,4660
8744c1405ffffff,106
8744c3a89ffffff,134
8744c145dffffff,2312
8744c10d1ffffff,2274
8744c1203ffffff,2607
8744ced63ffffff,895
8744c1759ffffff,4544
8744ce91effffff,1713
8744ced50ffffff,114
8744c1712ffffff,167
8744c3b58ffffff,240
8744c12a6ffffff,4438
8744c1336ffffff,5113
8744ced95ffffff,279
8744ce9b2ffffff,1896
8744c3324ffffff,153
8744c3322ffffff,170
8744c1740ffffff,4273
8744cec2cffffff,254
8744c1320ffffff,12843
8744c12aeffffff,5747
8744ce892ffffff,437
8744c102bffffff,1541
8744cedb3ffffff,273
8744c1235ffffff,3638
8744cec11ffffff,163
8744c1463ffffff,196
8744c101cffffff,524
8744ceb82ffffff,19
8744c3149ffffff,11
8744c314bffffff,46
8744c02cbffffff,32
8744c1586ffffff,17
8744ce800ffffff,978
8744c13acffffff,12059
8744c1670ffffff,7152
8744c30d3ffffff,120
8744cecb5ffffff,153
8744c122effffff,8509
8744c114cffffff,2431
8744c3aabffffff,350
8744c1745ffffff,5319
8744ce896ffffff,866
8744c17b1ffffff,194
8744c166bffffff,2755
8744c3309ffffff,163
8744ce135ffffff,156
8744c3b60ffffff,459
8744ce12bffffff,301
8744ce8a3ffffff,1098
8744c33b4ffffff,88
8744c1055ffffff,3463
8744c16eaffffff,103
8744c10eaffffff,3525
8744ce5a3ffffff,158
8744c32ddffffff,298
8744ce842ffffff,95
8744ce890ffffff,1351
8744c1041ffffff,7151
8744c3b1dffffff,182
8744c335affffff,68
8744c1665ffffff,4235
8744c3969ffffff,96
8744c1461ffffff,202
8744c178effffff,581
8744c12b0ffffff,5265
8744c3970ffffff,320
8744cec56ffffff,195
8744c16c3ffffff,928
8744c1036ffffff,3099
8744ce130ffffff,193
8744c1a08ffffff,1030
8744c16c2ffffff,755
8744c1519ffffff,24
8744c1680ffffff,424
8744c1b21ffffff,286
8744c3330ffffff,714
8744c3168ffffff,247
8744c1069ffffff,11712
8744c1765ffffff,4346
8744c1a14ffffff,5116
8744c3145ffffff,241
8744c146cffffff,412
8744cece9ffffff,374
8744c3372ffffff,80
8744c305bffffff,91
8744c114dffffff,4020
8744c151cffffff,92
8744c10aeffffff,3861
8744cec09ffffff,179
8744ce812ffffff,465
8744c165bffffff,956
8744c305cffffff,59
8744c1045ffffff,6675
8744c3374ffffff,152
8744ce550ffffff,253
8744c339cffffff,201
8744ced69ffffff,4708
8744ce8adffffff,759
8744ce522ffffff,70
8744c162cffffff,1427
8744c1374ffffff,3559
8744c1723ffffff,1546
8744c10e9ffffff,3655
8744ce830ffffff,1168
8744c142bffffff,128
8744c1776ffffff,4617
8744c3380ffffff,141
8744ce80effffff,105
8744c101effffff,4482
8744c1b0cffffff,2937
8744c1218ffffff,4275
8744c140dffffff,44
8744c14f6ffffff,136
8744c131dffffff,10252
8744c3381ffffff,144
8744ce596ffffff,401
8744c1093ffffff,588
8744c12a0ffffff,5847
8744c326dffffff,205
8744c3a16ffffff,551
8744c10c9ffffff,3632
8744ce125ffffff,150
8744c1044ffffff,5992
8744c17aeffffff,771
8744c3a90ffffff,367
8744c3a02ffffff,2986
8744c11a8ffffff,1855
8744cedabffffff,164
8744ced5cffffff,191
8744cec4affffff,266
8744c1748ffffff,5829
8744c1595ffffff,111
8744ce0b6ffffff,266
8744c1a0cffffff,2884
8744ce032ffffff,325
8744c16ccffffff,564
8744ce026ffffff,268
8744ce182ffffff,439
8744c142effffff,27
8744c3222ffffff,99
8744c160effffff,1352
8744c16e9ffffff,839
8744ce989ffffff,794
8744c370dffffff,31
8744c1156ffffff,222
8744c162dffffff,2035
8744cec43ffffff,95
8744c3aa9ffffff,292
8744ced01ffffff,67
8744cedb2ffffff,216
8744c16d1ffffff,385
8744ce0a0ffffff,148
8744c1609ffffff,1777
8744ce512ffffff,330
8744c1badffffff,4342
8744c10e1ffffff,6781
8744c3358ffffff,182
8744cedadffffff,150
8744ce8aeffffff,400
8744cecb0ffffff,44
8744c172bffffff,6745
8744cedb0ffffff,107
8744ce56bffffff,148
8744c1234ffffff,8908
8744c33abffffff,83
8744ce012ffffff,84
8744ce0a3ffffff,91
8744c339effffff,109
8744c3075ffffff,33
8744c3a8affffff,816
8744cec2dffffff,408
8744ce565ffffff,1895
8744ce81effffff,532
8744c1742ffffff,6606
8744ce55dffffff,64
8744c1415ffffff,48
8744c10ecffffff,4822
8744c12d2ffffff,5834
8744c13b0ffffff,4312
8744ced1effffff,250
8744ce516ffffff,33
8744ced08ffffff,303
8744c3b28ffffff,112
8744ced5effffff,103
8744cec28ffffff,283
8744c13b1ffffff,3401
8744c1424ffffff,20
8744c16dbffffff,188
8744c12daffffff,3591
8744c17b4ffffff,734
8744cecd8ffffff,338
8744c3b34ffffff,54
8744c3ba1ffffff,87
8744c3b71ffffff,190
8744c1204ffffff,6165
8744c3b19ffffff,1151
8744ce8a6ffffff,803
8744c138effffff,7868
8744c1291ffffff,3978
8744cec36ffffff,267
8744c3ad5ffffff,321
8744cc498ffffff,241
8744c1143ffffff,2132
8744c3388ffffff,495
8744ea4e8ffffff,34
8744ce980ffffff,2086
8744c101bffffff,370
8744c1469ffffff,244
8744c1309ffffff,7450
8744ce8cdffffff,457
8744c32e4ffffff,346
8744c1425ffffff,58
8744c1758ffffff,2239
8744c3203ffffff,1379
8744ced0cffffff,242
8744c3762ffffff,18
8744c10c4ffffff,3529
8744ced04ffffff,304
8744ce021ffffff,306
8744c1323ffffff,15249
8744c1705ffffff,4418
8744ce884ffffff,2874
8744ce504ffffff,59
8744c394dffffff,97
8744ce523ffffff,62
8744ce122ffffff,143
8744c1208ffffff,5769
8744c3768ffffff,172
8744c3b01ffffff,230
8744ce8a4ffffff,1444
8744ce566ffffff,698
8744c165affffff,3383
8744c130bffffff,8885
8744c1012ffffff,1110
8744ced73ffffff,1162
8744c16aaffffff,316
8744c3aadffffff,564
8744c3b66ffffff,77
8744ce886ffffff,303
8744cec80ffffff,169
8744c1284ffffff,2669
8744c3061ffffff,77
8744cec19ffffff,159
8744c3164ffffff,144
8744ce99effffff,4600
8744c3761ffffff,64
8744c1694ffffff,1016
8744ce9b4ffffff,2722
8744ced5affffff,146
8744ce891ffffff,725
8744c12a4ffffff,8513
8744ced03ffffff,507
8744c336dffffff,73
8744c3ae9ffffff,663
8744c1031ffffff,1690
8744c1685ffffff,1411
8744cec0affffff,179
8744ce004ffffff,212
8744ced05ffffff,748
8744c30d8ffffff,814
8744ce985ffffff,261
8744cebb5ffffff,91
8744ce880ffffff,746
8744c1773ffffff,4393
8744c331affffff,64
8744cec85ffffff,49
8744cecaeffffff,69
8744c14d9ffffff,54
8744c3763ffffff,262
8744ce829ffffff,404
8744c3b72ffffff,224
8744c374affffff,55
8744ced55ffffff,140
8744c176effffff,5823
8744c3ac2ffffff,325
8744c3213ffffff,139
8744c338bffffff,123
8744c1474ffffff,2153
8744c1324ffffff,11758
8744c129effffff,4935
8744c1a88ffffff,19780
8744c1771ffffff,5971
8744c1225ffffff,7791
8744c17b0ffffff,244
8744c1352ffffff,1910
8744ce8b5ffffff,304
8744ea4daffffff,78
8744c30d1ffffff,276
8744ce543ffffff,442
8744c3a12ffffff,743
8744ceb20ffffff,43
8744ced94ffffff,130
8744cedb6ffffff,193
8744c12a2ffffff,5884
8744ce5a1ffffff,276
8744c179bffffff,920
8744ce876ffffff,1151
8744c1008ffffff,4668
8744c179affffff,388
8744c3396ffffff,384
8744c14b4ffffff,72
8744c1b52ffffff,1734
8744c1296ffffff,3053
8744c1304ffffff,12170
8744c14a2ffffff,1226
8744c3ab1ffffff,206
8744ce834ffffff,309
8744c1b54ffffff,273
8744c3ad6ffffff,93
8744c3a65ffffff,367
8744c3b73ffffff,839
8744c1676ffffff,5478
8744c3a22ffffff,377
8744c3312ffffff,124
8744c100effffff,3190
8744c1674ffffff,3986
8744c3311ffffff,115
8744c1699ffffff,476
8744ce99bffffff,2214
8744ce126ffffff,259
8744cec9bffffff,223
8744c1092ffffff,575
8744c3058ffffff,124
8744ce554ffffff,257
8744c3384ffffff,82
8744c3a75ffffff,393
8744c1681ffffff,550
8744c3b5dffffff,885
8744cedb4ffffff,331
8744ce8d3ffffff,374
8744ce0a4ffffff,420
8744c1152ffffff,405
8744cecd2ffffff,35
8744c13b4ffffff,3000
8744c165effffff,2911
8744c1671ffffff,2702
8744c1744ffffff,7291
8744c139affffff,1860
8744c1a33ffffff,6193
8744c1673ffffff,3920
8744ced32ffffff,1387
8744c1a96ffffff,5893
8744ce118ffffff,512
8744ced42ffffff,208
8744ceba5ffffff,60
8744ce176ffffff,145
8744c16e2ffffff,240
8744c326effffff,148
8744cec30ffffff,744
8744c1b28ffffff,219
8744c121cffffff,4855
8744ce8acffffff,336
8744c3b9bffffff,208
8744cec34ffffff,407
8744c10d8ffffff,3475
8744ce080ffffff,72
8744c3b54ffffff,524
8744c3aeaffffff,107
8744ceda4ffffff,122
8744c1a1effffff,2602
8744ce846ffffff,127
8744c306affffff,76
8744c14b0ffffff,543
8744dd92effffff,211
8744c10f5ffffff,694
8744ced54ffffff,266
8744ced6dffffff,5584
8744c1212ffffff,4973
8744c3a46ffffff,175
8744c3b6dffffff,505
8744c334effffff,60
8744c3b50ffffff,1334
8744c12adffffff,8001
8744ce132ffffff,719
8744c1700ffffff,1443
8744cec9dffffff,49
8744c174dffffff,6801
8744c3204ffffff,118
8744c3a88ffffff,401
8744c1011ffffff,2261
8744ce5acffffff,242
8744c1b2cffffff,926
8744c1332ffffff,5284
8744ce465ffffff,74
8744c16ceffffff,769
8744c1433ffffff,165
8744c32b0ffffff,95
8744c3382ffffff,96
8744c16f3ffffff,1910
8744c1724ffffff,565
8744c1a9affffff,7678
8744ce5aeffffff,320
8744c1382ffffff,8654
8744c1230ffffff,3123
8744c3b6effffff,377
8744c304bffffff,24
8744c322affffff,343
8744c155bffffff,387
8744c1701ffffff,2989
8744c306dffffff,144
8744c1286ffffff,4848
8744c3320ffffff,153
8744c3745ffffff,48
8744ce5a5ffffff,184
8744c3ae6ffffff,663
8744c32f2ffffff,140
8744ce835ffffff,537
8744c3b14ffffff,132
8744c16a2ffffff,540
8744c176dffffff,12662
8744ced00ffffff,108
8744ce410ffffff,152
8744c1661ffffff,3241
8744ce133ffffff,97
8744c394effffff,84
8744c1653ffffff,2937
8744ced72ffffff,1600
8744ce934ffffff,3631
8744c1a8effffff,33857
8744c132effffff,6513
8744c3b49ffffff,749
8744c1aa6ffffff,5336
8744c14b5ffffff,1013
8744ea4c1ffffff,24
8744cec60ffffff,205
8744c1760ffffff,6649
8744ce833ffffff,796
8744c3a83ffffff,34
8744cec4dffffff,152
8744ce9b3ffffff,1827
8744c1686ffffff,895
8744c321bffffff,46
8744c12b6ffffff,6858
8744c14a8ffffff,125
8744c3a53ffffff,169
8744c3b0effffff,384
8744c1290ffffff,2755
8744ce542ffffff,34
8744c131bffffff,4478
8744c02c9ffffff,121
8744c14e9ffffff,1036
8744ce91dffffff,1090
8744c3848ffffff,41
8744c10f6ffffff,265
8744cec2bffffff,79
8744c1628ffffff,3231
8744ced46ffffff,1316
8744c13aeffffff,4315
8744c1706ffffff,582
8744ced2affffff,31
8744c3156ffffff,52
8744c3290ffffff,200
8744ce899ffffff,246
8744c3ad2ffffff,285
8744c1404ffffff,248
8744c1729ffffff,3576
8744ced4bffffff,356
8744cec18ffffff,45
8744c1302ffffff,5592
8744c1a02ffffff,4276
8744c1a9effffff,8585
8744c3b09ffffff,648
8744c10c1ffffff,7287
8744c3ab3ffffff,75
8744c3ab4ffffff,77
8744ce104ffffff,62
8744c33b6ffffff,42
8744cec5effffff,21
8744c3175ffffff,25
8744c3104ffffff,25
8744ce89cffffff,379
8744c171effffff,1556
8744c3b23ffffff,78
8744c1615ffffff,1092
8744c1625ffffff,1156
8744ce549ffffff,54
8744c396bffffff,64
8744c10ccffffff,5534
8744c114effffff,2185
8744c32a6ffffff,71
8744c16a6ffffff,276
8744c376dffffff,177
8744c13b5ffffff,3673
8744c3b22ffffff,72
8744c15b1ffffff,39
8744c310dffffff,47
8744ce816ffffff,116
8744c12b5ffffff,4320
8744ced31ffffff,1231
8744c3391ffffff,130
8744c1442ffffff,226
8744c366cffffff,99
8744c138bffffff,3348
8744cec4effffff,342
8744c3269ffffff,175
8744ce098ffffff,114
8744ce962ffffff,1497
8744c3adbffffff,92
8744c324bffffff,122
8744c3ad0ffffff,403
8744c3b16ffffff,56
8744c1464ffffff,431
8744ce82dffffff,29
8744c302dffffff,47
8744c396cffffff,66
8744c116bffffff,4041
8744ce89effffff,581
8744c3ad4ffffff,261
8744c30cdffffff,180
8744c3389ffffff,84
8744c3232ffffff,135
8744c139dffffff,11981
8744c30c8ffffff,466
8744c3a92ffffff,83
8744ceda5ffffff,163
8744c12b2ffffff,1414
8744c1b0affffff,3830
8744c14f5ffffff,89
8744c1a9bffffff,8321
8744c38dcffffff,25
8744c12acffffff,6716
8744c1074ffffff,5181
8744ce813ffffff,605
8744c1470ffffff,1463
8744c3059ffffff,227
8744c148cffffff,80
8744ce99affffff,3029
8744c1ae4ffffff,1106
8744c16b2ffffff,1039
8744ce991ffffff,3760
8744c1b1cffffff,3033
8744ce92bffffff,427
8744c3068ffffff,300
8744c1386ffffff,6529
8744c3321ffffff,80
8744c3049ffffff,147
8744c16d4ffffff,364
8744c3a30ffffff,968
8744c10d9ffffff,4074
8744c3b8affffff,92
8744c10edffffff,1490
8744c3350ffffff,137
8744c3355ffffff,127
8744c3356ffffff,239
8744c1394ffffff,5256
8744ce919ffffff,51
8744ceb16ffffff,18
8744c3a86ffffff,18
8744ce024ffffff,143
8744c145affffff,1926
8744c30caffffff,1523
8744ce984ffffff,1972
8744c1390ffffff,5637
8744ce0a6ffffff,391
8744ce870ffffff,1911
8744c1169ffffff,3503
8744ce8e8ffffff,308
8744ce823ffffff,755
8744c1402ffffff,449
8744c1725ffffff,704
8744ce82bffffff,760
8744cecdbffffff,664
8744c3b89ffffff,895
8744c176cffffff,7059
8744c3325ffffff,93
8744c3b59ffffff,271
8744cece2ffffff,117
8744c329cffffff,458
8744c1772ffffff,3155
8744c166cffffff,5294
8744ce900ffffff,1061
8744c1721ffffff,1650
8744ce8f3ffffff,580
8744c375cffffff,64
8744c141affffff,89
8744c1473ffffff,43
8744cec76ffffff,119
8744c330bffffff,59
8744c304affffff,46
8744c1428ffffff,361
8744c17a1ffffff,563
8744cc49dffffff,517
8744c3b69ffffff,550
8744c3975ffffff,234
8744c10dcffffff,4194
8744ce595ffffff,221
8744c1429ffffff,173
8744ced8affffff,60
8744dd900ffffff,78
8744ce88bffffff,470
8744c3b0bffffff,1674
8744c386bffffff,37
8744c3ab5ffffff,127
8744c3ac6ffffff,477
8744ce9b0ffffff,2076
8744c304effffff,87
8744c3ae1ffffff,193
8744c3a41ffffff,228
8744c1211ffffff,7728
8744c3b32ffffff,75
8744c1a21ffffff,1447
8744ce571ffffff,364
8744c1a20ffffff,3468
8744c32aaffffff,168
8744c1702ffffff,1502
8744c109affffff,981
8744c12c3ffffff,2810
8744c1222ffffff,3787
8744c3b33ffffff,114
8744ce810ffffff,700
8744c3b4bffffff,432
8744c1294ffffff,3411
8744c10cbffffff,5494
8744c376effffff,203
8744c174cffffff,8235
8744ce090ffffff,125
8744c395cffffff,54
8744c151dffffff,30
8744c334cffffff,131
8744c1026ffffff,537
8744c1684ffffff,355
8744c32abffffff,218
8744c174affffff,5384
8744cec8affffff,156
8744c1b12ffffff,1822
8744c1b2dffffff,137
8744c1276ffffff,4304
8744c1384ffffff,9049
8744c16b4ffffff,816
8744c140cffffff,253
8744c13a5ffffff,4322
8744c1a83ffffff,16807
8744ce121ffffff,172
8744ce09dffffff,90
8744c3b12ffffff,194
8744c129cffffff,4131
8744c10deffffff,3463
8744c1b10ffffff,1314
8744ce973ffffff,2210
8744c30cbffffff,327
8744c159cffffff,361
8744c1322ffffff,9950
8744ce826ffffff,1757
8744ce929ffffff,1835
8744c3a64ffffff,358
8744c1021ffffff,1644
8744c3273ffffff,41
8744dd903ffffff,281
8744ce540ffffff,288
8744c3205ffffff,194
8744c1372ffffff,4279
8744c171cffffff,791
8744c3b5effffff,1656
8744c159effffff,247
8744c1666ffffff,2816
8744c1696ffffff,670
8744ce904ffffff,2069
8744c1018ffffff,2974
8744c1398ffffff,4236
8744ce5b1ffffff,309
8744cec54ffffff,288
8744c3765ffffff,84
8744c3296ffffff,237
8744c394cffffff,269
8744c1274ffffff,3813
8744c1385ffffff,10072
8744c10eeffffff,3891
8744cec0dffffff,320
8744ce536ffffff,123
8744c3209ffffff,54
8744c3256ffffff,74
8744c17b3ffffff,378
8744c10f1ffffff,3528
8744c1149ffffff,4188
8744ce509ffffff,141
8744ce9adffffff,893
8744ce89affffff,463
8744c1043ffffff,6105
8744ced1dffffff,490
8744c162affffff,336
8744ce955ffffff,618
8744cec83ffffff,119
8744c122dffffff,4474
8744c1476ffffff,338
8744ce532ffffff,116
8744ce534ffffff,141
8744c3234ffffff,93
8744c3759ffffff,138
8744c1766ffffff,3750
8744c3b52ffffff,1064
8744ce941ffffff,569
8744c10a8ffffff,841
8744ce9b6ffffff,1215
8744ce560ffffff,583
8744c1400ffffff,181
8744ce564ffffff,380
8744ce90dffffff,350
8744ea4d8ffffff,276
8744c3a54ffffff,120
8744c1704ffffff,3221
8744c1690ffffff,494
8744c1a9dffffff,16849
8744c1016ffffff,3654
8744ced1affffff,68
8744c14e8ffffff,423
8744c3766ffffff,548
8744c14edffffff,482
8744c14cdffffff,175
8744c3b55ffffff,1072
8744ce954ffffff,1255
8744c3acdffffff,111
8744ce430ffffff,405
8744c3211ffffff,205
8744c3a1cffffff,68
8744c16ecffffff,4017
8744ce8eeffffff,1052
8744c1703ffffff,1144
8744ce923ffffff,3790
8744cecc3ffffff,530
8744cec08ffffff,128
8744ce586ffffff,158
8744c1594ffffff,66
8744c142dffffff,17
8744ea4e9ffffff,29
8744c3048ffffff,7
8744c3ae2ffffff,28
8744c344effffff,13
8744ced1bffffff,18
8744c16e4ffffff,816
8744c1735ffffff,928
8744c1353ffffff,4512
8744ce805ffffff,2514
8744ceb21ffffff,86
8744c1189ffffff,3109
8744ce853ffffff,559
8744ea4dbffffff,58
8744c16deffffff,94
8744c121effffff,7784
8744ce5a2ffffff,152
8744c3a8bffffff,461
8744ceb2effffff,25
8744c1434ffffff,146
8744c13a3ffffff,10816
8744ce570ffffff,454
8744ce8e2ffffff,666
8744c1316ffffff,5249
8744ce123ffffff,375
8744c1119ffffff,332
8744ce581ffffff,235
8744c1621ffffff,3595
8744ce824ffffff,1348
8744ce084ffffff,111
8744ce573ffffff,526
8744c1b44ffffff,79
8744c1711ffffff,862
8744ce51effffff,297
8744ce518ffffff,668
8744c3bacffffff,167
8744ceccaffffff,2108
8744c10e8ffffff,2201
8744ce466ffffff,315
8744ce91cffffff,1136
8744c1a25ffffff,2652
8744cecb2ffffff,141
8744c3aa8ffffff,286
8744c130affffff,11434
8744ce5b6ffffff,204
8744c16b0ffffff,603
8744c170dffffff,2994
8744c3948ffffff,466
8744c3ab0ffffff,369
8744c14a6ffffff,1792
8744ce920ffffff,1695
8744ce5a8ffffff,268
8744ce5aaffffff,609
8744c171dffffff,919
8744c1024ffffff,817
8744ce8b4ffffff,3309
8744c16d0ffffff,621
8744c16b1ffffff,961
8744c328affffff,329
8744c1600ffffff,2055
8744ce90affffff,941
8744c32a9ffffff,74
8744c3a6bffffff,506
8744c16edffffff,1182
8744c331dffffff,84
8744ce881ffffff,480
8744c3a44ffffff,388
8744ce8e5ffffff,99
8744ce903ffffff,1329
8744c1056ffffff,3533
8744ce874ffffff,89
8744c1333ffffff,8402
8744ced83ffffff,354
8744c16a5ffffff,941
8744c149dffffff,76
8744ce8d2ffffff,659
8744c3740ffffff,113
8744c1b61ffffff,182
8744ce9a6ffffff,5057
8744ceca0ffffff,76
8744c16cbffffff,981
8744c1715ffffff,933
8744c3a61ffffff,132
8744c3a63ffffff,113
8744c1b53ffffff,1670
8744c3b0cffffff,1182
8744ce014ffffff,180
8744c16cdffffff,1840
8744cec72ffffff,272
8744c3219ffffff,261
8744c3349ffffff,76
8744cec05ffffff,121
8744ceca5ffffff,194
8744c1356ffffff,7602
8744c16a0ffffff,1790
8744c1b29ffffff,150
8744c346affffff,162
8744cec35ffffff,851
8744c3a84ffffff,116
8744cec2effffff,302
8744c1756ffffff,4211
8744c3280ffffff,347
8744c32ecffffff,91
8744ce8e6ffffff,683
8744c1200ffffff,4820
8744c3392ffffff,197
8744c3942ffffff,147
8744ce594ffffff,243
8744c16eeffffff,2738
8744c159bffffff,588
8744ce5b3ffffff,143
8744c3352ffffff,120
8744ce81bffffff,242
8744ce8e1ffffff,529
8744c146effffff,227
8744dd920ffffff,96
8744c118cffffff,2361
8744c120dffffff,4714
8744c3943ffffff,332
8744c3b56ffffff,1389
8744c3291ffffff,154
8744ce100ffffff,796
8744c175affffff,4250
8744c1593ffffff,140
8744c3a66ffffff,415
8744c1622ffffff,647
8744c16c8ffffff,1281
8744ce8f1ffffff,202
8744c12d8ffffff,4375
8744ced21ffffff,1999
8744c3961ffffff,51
8744c3728ffffff,42
8744c168bffffff,1309
8744c1014ffffff,1828
8744c1231ffffff,6363
8744c1b15ffffff,2522
8744c130effffff,6426
8744c175bffffff,3253
8744c322dffffff,72
8744c38c4ffffff,34
8744c14d4ffffff,248
8744cec61ffffff,66
8744c122bffffff,3936
8744ce58cffffff,209
8744c10e5ffffff,2629
8744c1799ffffff,772
8744c142affffff,175
8744c3a6affffff,228
8744c16e3ffffff,3373
8744ce9a8ffffff,1531
8744ce9b5ffffff,2267
8744c16b5ffffff,291
8744c3b25ffffff,32
8744c149effffff,33
8744c326affffff,77
8744c3b2dffffff,193
8744c3aa5ffffff,344
8744c332bffffff,81
8744c1695ffffff,583
8744c3288ffffff,195
8744cecccffffff,1179
8744c3271ffffff,77
8744c10cdffffff,3028
8744c1443ffffff,250
8744c3baaffffff,120
8744c16b3ffffff,358
8744ce5a9ffffff,260
8744c1098ffffff,843
8744c322effffff,90
8744c372effffff,67
8744ce9a0ffffff,828
8744c3282ffffff,681
8744c1789ffffff,1255
8744c1a36ffffff,3318
8744c1089ffffff,382
8744c3b26ffffff,168
8744c384dffffff,97
8744c1213ffffff,8221
8744ce81dffffff,278
8744ced4dffffff,3193
8744c30ceffffff,85
8744c1726ffffff,612
8744c3aaeffffff,438
8744ce88effffff,123
8744c1a89ffffff,7195
8744c376bffffff,157
8744ce828ffffff,313
8744ce801ffffff,455
8744c3293ffffff,190
8744c3298ffffff,1988
8744c3225ffffff,120
8744c3354ffffff,107
8744c328cffffff,204
8744c161dffffff,737
8744c3299ffffff,1236
8744ce18cffffff,417
8744c1380ffffff,6829
8744c1ae2ffffff,4523
8744c3a24ffffff,1224
8744ea7b2ffffff,48
8744c1710ffffff,637
8744ce51affffff,1005
8744ce8ecffffff,266
8744ce563ffffff,616
8744c1720ffffff,709
8744c3949ffffff,232
8744c3390ffffff,134
8744cecf0ffffff,226
8744c3255ffffff,170
8744ce56affffff,797
8744c3b13ffffff,154
8744c1722ffffff,1043
8744c1762ffffff,4766
8744ceb25ffffff,39
8744c158cffffff,33
8744c1559ffffff,129
8744ce9a2ffffff,1958
8744ce120ffffff,212
8744c174bffffff,5483
8744c3b0dffffff,1032
8744c108affffff,576
8744ce922ffffff,2656
8744c155affffff,312
8744c145cffffff,328
8744cec0effffff,320
8744c3ba5ffffff,96
8744cec2affffff,133
8744c1460ffffff,318
8744ce818ffffff,897
8744c100bffffff,186
8744c160affffff,1147
8744c1334ffffff,9742
8744ce1adffffff,1547
8744cec5bffffff,222
8744c324dffffff,99
8744c32b6ffffff,36
8744c3ba8ffffff,346
8744c149cffffff,123
8744c3a9bffffff,119
8744cedaaffffff,336
8744ce01cffffff,169
8744c33b1ffffff,54
8744ce94effffff,63
8744c3b4effffff,790
8744c148effffff,229
8744c164affffff,1845
8744c12eaffffff,929
8744ce1b6ffffff,225
8744c10c8ffffff,3162
8744c1734ffffff,220
8744ce5b0ffffff,121
8744c3201ffffff,843
8744c1b71ffffff,148
8744cecaaffffff,114
8744ced6cffffff,783
8744c32c4ffffff,171
8744c3955ffffff,229
8744c32c2ffffff,99
8744c3b8dffffff,455
8744c3a62ffffff,135
8744c32e1ffffff,127
8744ce0b2ffffff,291
8744cedaeffffff,64
8744ce582ffffff,108
8744ce936ffffff,2371
8744c3aecffffff,87
8744c149bffffff,61
8744ce105ffffff,193
8744c3aa1ffffff,463
8744ce545ffffff,1649
8744c1624ffffff,3200
8744c328dffffff,291
8744c1513ffffff,43
8744c3b2affffff,310
8744c3ba9ffffff,578
8744ce898ffffff,477
8744c10ebffffff,3225
8744c3b21ffffff,94
8744c1774ffffff,3735
8744c1452ffffff,96
8744cec5dffffff,34
8744c105bffffff,1774
8744c12a5ffffff,3788
8744ce58affffff,288
8744cecc0ffffff,129
8744c178dffffff,2201
8744ced64ffffff,1193
8744c3215ffffff,212
8744c129bffffff,1652
8744c1606ffffff,413
8744dd905ffffff,88
8744ce888ffffff,157
8744c3b6bffffff,1227
8744ce464ffffff,428
8744c16a1ffffff,4564
8744c10c5ffffff,1993
8744c1585ffffff,36
8744c15b3ffffff,24
8744ce533ffffff,152
8744ce8e0ffffff,208
8744c3a4cffffff,353
8744c328bffffff,331
8744c3951ffffff,138
8744cec1cffffff,153
8744c168affffff,873
8744c328effffff,231
8744c32a0ffffff,47
8744c30ccffffff,76
8744c32f3ffffff,120
8744ce436ffffff,780
8744c122cffffff,4825
8744c1718ffffff,723
8744c140bffffff,40
8744c1a2dffffff,1719
8744c3241ffffff,90
8744c3245ffffff,71
8744c3b76ffffff,903
8744c32eeffffff,124
8744c33acffffff,52
8744ce5b4ffffff,158
8744c16aeffffff,2477
8744c10a0ffffff,1430
8744ce514ffffff,171
8744c1655ffffff,4912
8744c12e6ffffff,7434
8744c1aa4ffffff,6877
8744c3b15ffffff,145
8744ce195ffffff,313
8744ce940ffffff,145
8744ce530ffffff,142
8744c16c6ffffff,1059
8744c1581ffffff,113
8744ce930ffffff,350
8744cec23ffffff,106
8744c3a6cffffff,263
8744ce082ffffff,69
8744c3668ffffff,242
8744ce083ffffff,64
8744c3a5affffff,894
8744c1a23ffffff,1913
8744c1451ffffff,321
8744c3366ffffff,287
8744c3208ffffff,189
8744ce1b4ffffff,176
8744c374bffffff,47
8744dd924ffffff,579
8744c144affffff,651
8744c376affffff,103
8744c325bffffff,186
8744c3944ffffff,81
8744ceda1ffffff,175
8744cec4cffffff,118
8744c10c3ffffff,5762
8744ce943ffffff,101
8744c16a8ffffff,1361
8744ce96effffff,72
8744c30eaffffff,105
8744ced74ffffff,203
8744c32e8ffffff,183
8744ce119ffffff,272
8744c1b01ffffff,2428
8744c366dffffff,320
8744ce036ffffff,118
8744c178cffffff,1036
8744c3a85ffffff,418
8744c1393ffffff,10007
8744c139effffff,12489
8744c32d6ffffff,323
8744ce086ffffff,11
8744ce092ffffff,27
8744ce0b5ffffff,11
8744ce946ffffff,2386
8744c3253ffffff,145
8744c148affffff,109
8744ceca2ffffff,42
8744c1733ffffff,1316
8744c32cdffffff,229
8744cec21ffffff,75
8744c1300ffffff,4492
8744cec88ffffff,125
8744c1255ffffff,923
8744c1054ffffff,3540
8744ce882ffffff,78
8744c160bffffff,1295
8744c11a9ffffff,2524
8744c1040ffffff,4868
8744ced22ffffff,656
8744c12dbffffff,1070
8744c3a42ffffff,650
8744ce525ffffff,89
8744c1768ffffff,5897
8744ce115ffffff,69
8744cece6ffffff,132
8744ced65ffffff,1639
8744c179effffff,294
8744c1228ffffff,4046
8744c1440ffffff,292
8744c1015ffffff,1632
8744c3289ffffff,94
8744c32d4ffffff,253
8744ce10bffffff,321
8744c1b09ffffff,756
8744ced8effffff,726
8744ce1b0ffffff,410
8744ce59dffffff,122
8744ce114ffffff,775
8744c145effffff,306
8744ce034ffffff,483
8744ce096ffffff,75
8744c32d9ffffff,118
8744c108bffffff,610
8744cc49cffffff,570
8744ce8e4ffffff,42
8744c3281ffffff,184
8744c375bffffff,30
8744ce156ffffff,292
8744ce81cffffff,735
8744c396dffffff,30
8744c1292ffffff,5211
8744c12f3ffffff,2277
8744c1b73ffffff,844
8744ce5abffffff,438
8744c32daffffff,25
8744c14f2ffffff,20
8744c374dffffff,31
8744c334affffff,41
8744c1611ffffff,349
8744ce913ffffff,604
8744c144dffffff,430
8744cec98ffffff,140
8744ce982ffffff,4818
8744c321cffffff,298
8744c140affffff,88
8744c3665ffffff,118
8744c1216ffffff,3789
8744ce5b2ffffff,162
8744ea4c5ffffff,62
8744cec8effffff,51
8744c109bffffff,1759
8744c3272ffffff,144
8744c1669ffffff,3667
8744c3228ffffff,125
8744cc48affffff,679
8744cedb5ffffff,94
8744c1410ffffff,92
8744c1616ffffff,1486
8744ced06ffffff,1266
8744c326bffffff,187
8744c3a55ffffff,226
8744c3aedffffff,135
8744c3248ffffff,86
8744c3b4dffffff,1823
8744c3284ffffff,93
8744ce8ccffffff,611
8744ceb24ffffff,78
8744c1484ffffff,85
8744c3af3ffffff,361
8744c12f5ffffff,5992
8744c16a4ffffff,252
8744ce099ffffff,145
8744dd92dffffff,241
8744c374effffff,39
8744c14acffffff,47
8744c30c5ffffff,45
8744c3202ffffff,537
8744ce852ffffff,221
8744c1620ffffff,872
8744ce889ffffff,86
8744c3a70ffffff,274
8744c32e6ffffff,139
8744c1736ffffff,1158
8744ce585ffffff,105
8744ce82affffff,850
8744c1605ffffff,592
8744ce90effffff,2387
8744c1730ffffff,1010
8744c1488ffffff,81
8744cecc2ffffff,239
8744ce9a9ffffff,2557
8744c32e2ffffff,250
8744ce970ffffff,3636
8744c310bffffff,62
8744c1466ffffff,80
8744c1a22ffffff,2444
8744c1601ffffff,2115
8744c32e3ffffff,334
8744c3a73ffffff,239
8744c3a32ffffff,1466
8744cec5affffff,240
8744c320dffffff,144
8744c3315ffffff,65
8744c3a00ffffff,11366
8744c12f1ffffff,3104
8744c16c0ffffff,1135
8744cecf1ffffff,176
8744c10daffffff,5247
8744c1b00ffffff,4263
8744ce961ffffff,1191
8744c320affffff,156
8744c3b35ffffff,210
8744c14ccffffff,214
8744c1764ffffff,5690
8744c32d2ffffff,149
8744c3210ffffff,94
8744c12d9ffffff,2625
8744c3758ffffff,101
8744c33a9ffffff,68
8744ce971ffffff,1767
8744ce58dffffff,390
8744c3945ffffff,84
8744c33a5ffffff,112
8744c3a50ffffff,233
8744c3259ffffff,55
8744c12d3ffffff,2446
8744c3aa3ffffff,138
8744c3849ffffff,109
8744c150bffffff,97
8744ced19ffffff,403
8744ce562ffffff,522
8744ce526ffffff,98
8744ce18dffffff,168
8744c138dffffff,3590
8744cecabffffff,97
8744c14ceffffff,176
8744c3251ffffff,50
8744c3a43ffffff,70
8744c324effffff,103
8744c1714ffffff,590
8744c1472ffffff,215
8744c329effffff,220
8744ce106ffffff,292
8744ce434ffffff,1959
8744c3940ffffff,47
8744c3370ffffff,169
8744c1454ffffff,211
8744ced82ffffff,69
8744ce54affffff,128
8744c338dffffff,140
8744ced81ffffff,2246
8744c395dffffff,94
8744ce025ffffff,440
8744dd926ffffff,327
8744c3252ffffff,105
8744c161affffff,609
8744c14c8ffffff,92
8744c14daffffff,71
8744c32f5ffffff,173
8744c158effffff,25
8744c1314ffffff,4265
8744c14caffffff,247
8744c3351ffffff,114
8744c3a9effffff,54
8744c3233ffffff,135
8744c16adffffff,1411
8744c1406ffffff,200
8744c10a4ffffff,1980
8744ce836ffffff,365
8744c14c2ffffff,116
8744c376cffffff,51
8744c16a9ffffff,866
8744cec81ffffff,138
8744c139cffffff,6784
8744ce561ffffff,549
8744c3270ffffff,140
8744ceda3ffffff,205
8744ce559ffffff,73
8744c12ceffffff,1251
8744ce10effffff,438
8744ced33ffffff,603
8744ce192ffffff,211
8744ce519ffffff,598
8744ce9acffffff,365
8744c1592ffffff,30
8744c16e6ffffff,1188
8744ce91affffff,1304
8744c10f2ffffff,309
8744ce88cffffff,306
8744c32d8ffffff,332
8744c3089ffffff,32
8744ce0adffffff,53
8744ce901ffffff,3154
8744ce92affffff,2889
8744cec01ffffff,112
8744ce9a3ffffff,854
8744dd965ffffff,519
8744c110bffffff,1053
8744c3a06ffffff,4348
8744ce108ffffff,294
8744c3af1ffffff,511
8744c30d9ffffff,2110
8744cecf3ffffff,165
8744ce10cffffff,244
8744ce58effffff,107
8744c118bffffff,5642
8744ced29ffffff,288
8744c1596ffffff,24
8744c1614ffffff,1124
8744c1755ffffff,6732
8744c1099ffffff,816
8744c322cffffff,382
8744c102dffffff,3133
8744c10d2ffffff,1461
8744ce90bffffff,2160
8744c17aaffffff,165
8744ce572ffffff,60
8744ce951ffffff,409
8744ced02ffffff,241
8744ce0a1ffffff,155
8744c1032ffffff,3088
8744c304dffffff,123
8744c306bffffff,102
8744ce1abffffff,201
8744ce5b5ffffff,103
8744c1630ffffff,2903
8744ce189ffffff,94
8744c16e0ffffff,1025
8744ce111ffffff,437
8744c1285ffffff,5588
8744c10abffffff,786
8744c1a8affffff,14410
8744c32a4ffffff,39
8744c32f1ffffff,170
8744c16f4ffffff,518
8744ce5a6ffffff,244
8744c1000ffffff,1653
8744c1650ffffff,2170
8744c384cffffff,66
8744c1048ffffff,10026
8744ce98bffffff,873
8744c16e5ffffff,2143
8744ced28ffffff,168
8744c3a80ffffff,757
8744c32d1ffffff,134
8744ce86dffffff,109
8744c150affffff,16
8744c3310ffffff,74
8744cec13ffffff,411
8744ce51bffffff,2553
8744ce820ffffff,3015
8744c3246ffffff,536
8744c1280ffffff,1284
8744c1418ffffff,49
8744c1588ffffff,34
8744c1589ffffff,52
8744cecc6ffffff,117
8744cecf2ffffff,177
8744c1029ffffff,3867
8744c14c3ffffff,194
8744c1603ffffff,2198
8744c3b8bffffff,82
8744ce199ffffff,210
8744c1602ffffff,540
8744ce924ffffff,4649
8744c3b68ffffff,879
8744c16c5ffffff,1952
8744ce942ffffff,229
8744ce431ffffff,395
8744c1675ffffff,4555
8744ce95cffffff,190
8744c14e2ffffff,96
8744c3333ffffff,150
8744c33a2ffffff,37
8744ce950ffffff,1336
8744ced26ffffff,774
8744c10a1ffffff,515
8744ce921ffffff,1626
8744ce850ffffff,400
8744dd92affffff,153
8744c1221ffffff,8646
8744ced15ffffff,524
8744c1475ffffff,551
8744ce803ffffff,1147
8744c12caffffff,915
8744ce193ffffff,301
8744ce909ffffff,2325
8744c125effffff,651
8744c305affffff,38
8744c30e9ffffff,54
8744c3206ffffff,183
8744c10caffffff,5261
8744ce154ffffff,113
8744ce521ffffff,55
8744c14d1ffffff,104
8744ce821ffffff,1011
8744ce1a8ffffff,172
8744c1388ffffff,3065
8744ce802ffffff,357
8744cec31ffffff,56
8744cec33ffffff,51
8744ce975ffffff,1266
8744c1512ffffff,35
8744c15a8ffffff,37
8744c17a8ffffff,583
8744dd925ffffff,118
8744c1790ffffff,90
8744c14d6ffffff,167
8744ce10affffff,115
8744ce82cffffff,511
8744c32f6ffffff,194
8744c32c5ffffff,450
8744c32e9ffffff,229
8744ce1b5ffffff,269
8744c1002ffffff,1619
8744c325dffffff,131
8744c3292ffffff,17
8744c3294ffffff,85
8744ce402ffffff,24
8744ced11ffffff,255
8744ceda8ffffff,47
8744c38ebffffff,45
8744c3122ffffff,34
8744c38c9ffffff,27
8744ce94cffffff,25
8744c32c0ffffff,60
8744c32c6ffffff,57
8744c13a6ffffff,2068
8744ce935ffffff,1008
8744c1432ffffff,60
8744ce011ffffff,206
8744ced2dffffff,253
8744c3b4affffff,586
8744ce56cffffff,428
8744c3ae0ffffff,194
8744c12aaffffff,1649
8744c1283ffffff,4024
8744c10d6ffffff,391
8744ce822ffffff,2068
8744ce8ceffffff,634
8744ce811ffffff,869
8744c1426ffffff,87
8744c14c4ffffff,159
8744c32a1ffffff,110
8744c3099ffffff,12
8744c309dffffff,12
8744c1618ffffff,836
8744c32b2ffffff,173
8744c1450ffffff,297
8744ce1acffffff,173
8744c14c0ffffff,356
8744ce88dffffff,472
8744c3b2cffffff,95
8744c3ae3ffffff,319
8744c3249ffffff,94
8744c1613ffffff,1865
8744c32cbffffff,392
8744ce12affffff,94
8744ced18ffffff,240
8744c32a3ffffff,152
8744c10f3ffffff,2940
8744ce54dffffff,257
8744c1465ffffff,188
8744c3962ffffff,63
8744c3965ffffff,75
8744c14e1ffffff,146
8744c14eeffffff,176
8744c1a19ffffff,3484
8744ce825ffffff,3445
8744c169affffff,176
8744c3226ffffff,86
8744c1408ffffff,302
8744c17a9ffffff,651
8744c12deffffff,4821
8744c3a58ffffff,127
8744ced2effffff,760
8744c3a4effffff,133
8744c32c8ffffff,206
8744c1422ffffff,163
8744c10adffffff,2112
8744c3231ffffff,76
8744c32aeffffff,186
8744ce966ffffff,1081
8744ce188ffffff,550
8744c16d2ffffff,1276
8744c1423ffffff,133
8744ce8daffffff,541
8744c12ddffffff,5924
8744c172cffffff,2310
8744c3b20ffffff,29
8744c10f0ffffff,220
8744c375effffff,92
8744ce1a9ffffff,881
8744c3a5bffffff,587
8744c1455ffffff,194
8744c1376ffffff,2839
8744c3a1affffff,291
8744c32a8ffffff,160
8744c3ac4ffffff,204
8744c1732ffffff,709
8744ce165ffffff,173
8744c104bffffff,4962
8744ce112ffffff,566
8744ce8aaffffff,545
8744c168cffffff,596
8744ce8cbffffff,293
8744c14d5ffffff,36
8744ce416ffffff,67
8744cec8dffffff,207
8744c3ac5ffffff,202
8744c12d5ffffff,4003
8744c1511ffffff,76
8744c16c4ffffff,1345
8744ce964ffffff,1512
8744ce1a1ffffff,178
8744c14ecffffff,63
8744c1446ffffff,64
8744c1adaffffff,4277
8744ce54effffff,178
8744ced8dffffff,154
8744c3a4dffffff,656
8744c1288ffffff,5131
8744c128affffff,5362
8744ced8cffffff,101
8744c3964ffffff,48
8744c3973ffffff,35
8744c396effffff,49
8744c14ebffffff,672
8744c3276ffffff,106
8744c1798ffffff,209
8744c1289ffffff,3214
8744c105effffff,946
8744c1634ffffff,600
8744c1448ffffff,882
8744c10d0ffffff,888
8744c3b8cffffff,276
8744c12abffffff,5441
8744c1421ffffff,71
8744c3a59ffffff,428
8744c322bffffff,119
8744c3a5effffff,235
8744c121bffffff,5931
8744c161cffffff,1328
8744ce426ffffff,1156
8744ce11effffff,169
8744ce851ffffff,459
8744cec96ffffff,36
8744ced2bffffff,198
8744ce172ffffff,48
8744c1462ffffff,165
8744ce5a0ffffff,92
8744c329bffffff,706
8744c14a0ffffff,47
8744c148bffffff,117
8744ce548ffffff,185
8744c1298ffffff,4744
8744c1610ffffff,305
8744c308bffffff,112
8744c1412ffffff,52
8744c32ebffffff,116
8744c1330ffffff,5077
8744c14c5ffffff,96
8744ce95dffffff,124
8744ce173ffffff,122
8744c1689ffffff,2201
8744c15acffffff,23
8744c3a36ffffff,230
8744c1430ffffff,199
8744c1449ffffff,1505
8744c12dcffffff,4255
8744ce19dffffff,315
8744cecd5ffffff,221
8744ceccbffffff,557
8744ce54bffffff,174
8744ced2cffffff,1846
8744c3295ffffff,186
8744c1510ffffff,69
8744cec00ffffff,91
8744ce18bffffff,616
8744ce56dffffff,663
8744c3963ffffff,58
8744c3971ffffff,83
8744c3250ffffff,25
8744c16d6ffffff,903
8744ce85cffffff,189
8744cec15ffffff,150
8744ceda6ffffff,130
8744ce09cffffff,77
8744ce599ffffff,391
8744ce8caffffff,602
8744c128dffffff,4179
8744c1580ffffff,65
8744ced76ffffff,267
8744c32dcffffff,83
8744cec49ffffff,528
8744c1632ffffff,2724
8744c1752ffffff,5077
8744ce956ffffff,1189
8744c1033ffffff,2654
8744ce8b3ffffff,1056
8744c3b1bffffff,769
8744ce435ffffff,2471
8744c32a2ffffff,94
8744c3260ffffff,214
8744c1682ffffff,1129
8744ce103ffffff,99
8744cec1dffffff,99
8744ce013ffffff,306
8744c3a6effffff,450
8744c32deffffff,200
8744c32f4ffffff,121
8744c3286ffffff,63
8744c1adeffffff,3103
8744c14c1ffffff,215
8744c16d5ffffff,817
8744c1786ffffff,181
8744c30d6ffffff,112
8744c1693ffffff,591
8744c3753ffffff,67
8744c1a24ffffff,754
8744c128effffff,3909
8744c12d0ffffff,6622
8744c1420ffffff,115
8744ce59effffff,189
8744ce992ffffff,303
8744c3b48ffffff,843
8744c30aaffffff,27
8744c12c2ffffff,3447
8744c32c1ffffff,1173
8744c1431ffffff,83
8744c14eaffffff,168
8744cecf4ffffff,35
8744ce56effffff,401
8744c3285ffffff,118
8744cec20ffffff,99
8744ced56ffffff,79
8744ce583ffffff,140
8744c16daffffff,396
8744c14deffffff,181
8744c16a3ffffff,2573
8744c1640ffffff,4230
8744ce574ffffff,977
8744c3babffffff,253
8744ce8d0ffffff,80
8744ce520ffffff,99
8744c324cffffff,111
8744c3a51ffffff,355
8744ce11cffffff,294
8744c3275ffffff,159
8744c16e1ffffff,2079
8744c1215ffffff,3660
8744ced85ffffff,941
8744c1691ffffff,562
8744c12c6ffffff,2658
8744c1692ffffff,93
8744c3730ffffff,68
8744c3706ffffff,57
8744c16e8ffffff,2340
8744c1672ffffff,4485
8744ce454ffffff,64
8744ce995ffffff,1646
8744c384bffffff,12
8744cecdaffffff,211
8744ce1aeffffff,368
8744ce90cffffff,2214
8744ce8ddffffff,988
8744c3376ffffff,187
8744c1013ffffff,5641
8744c13a9ffffff,4349
8744c3773ffffff,44
8744ced24ffffff,836
8744ced61ffffff,122
8744ce972ffffff,1335
8744c3a18ffffff,116
8744ce953ffffff,488
8744c1623ffffff,553
8744ce54cffffff,731
8744c1784ffffff,486
8744c1409ffffff,226
8744c375affffff,90
8744ce16effffff,180
8744c16f5ffffff,527
8744c335cffffff,105
8744ce128ffffff,220
8744c1b56ffffff,3883
8744c330dffffff,317
8744ceca3ffffff,15
8744c14d2ffffff,43
8744c14f0ffffff,30
8744c1491ffffff,17
8744ea4edffffff,17
8744ce82effffff,1755
8744c1081ffffff,534
8744c1795ffffff,277
8744c168effffff,365
8744ce92dffffff,2799
8744ced35ffffff,2902
8744ce15cffffff,75
8744ced0dffffff,87
8744ce129ffffff,126
8744ceceaffffff,832
8744c3701ffffff,33
8744c3723ffffff,139
8744ce598ffffff,323
8744c16f1ffffff,1212
8744ce963ffffff,1008
8744ce998ffffff,997
8744c339bffffff,91
8744c3a48ffffff,453
8744c32f0ffffff,251
8744c175cffffff,991
8744ce8dcffffff,73
8744c161bffffff,954
8744c16f0ffffff,2647
8744c1005ffffff,1157
8744c3244ffffff,446
8744c1763ffffff,5578
8744ce11bffffff,455
8744ce109ffffff,159
8744ce11dffffff,188
8744c372affffff,69
8744c1654ffffff,1803
8744c1629ffffff,2467
8744c321dffffff,76
8744c3174ffffff,28
8744ce0acffffff,122
8744cec26ffffff,142
8744c1485ffffff,112
8744c32edffffff,96
8744ce161ffffff,51
8744ce171ffffff,64
8744cc493ffffff,1103
8744c3b1affffff,63
8744ce8f5ffffff,508
8744c3a4affffff,218
8744c32b3ffffff,59
8744ce1a3ffffff,297
8744c17abffffff,532
8744ce15effffff,116
8744c16abffffff,433
8744c38eaffffff,17
8744c3b85ffffff,43
8744c3121ffffff,30
8744ce906ffffff,179
8744ce952ffffff,884
8744ced60ffffff,254
8744c3754ffffff,56
8744c3221ffffff,64
8744c120affffff,5642
8744c3b10ffffff,69
8744ce11affffff,1668
8744c3236ffffff,135
8744c335bffffff,112
8744ce421ffffff,72
8744ce423ffffff,87
8744c166dffffff,5442
8744c3941ffffff,94
8744c394affffff,50
8744c1619ffffff,629
8744cecd3ffffff,81
8744cec24ffffff,96
8744c3074ffffff,45
8744ce1a5ffffff,228
8744ce8dbffffff,241
8744ce101ffffff,269
8744ce974ffffff,1636
8744c12d6ffffff,3671
8744ce162ffffff,172
8744c3644ffffff,37
8744c141bffffff,74
8744c141cffffff,69
8744c12f0ffffff,2265
8744c12f4ffffff,5278
8744ced25ffffff,428
8744c3a68ffffff,590
8744c1a2cffffff,2989
8744ceceeffffff,701
8744ce831ffffff,718
8744cc490ffffff,69
8744c3720ffffff,17
8744cec86ffffff,75
8744dd928ffffff,179
8744c1604ffffff,256
8744c3b6affffff,368
8744c10c6ffffff,4380
8744c3aaaffffff,327
8744ce8d1ffffff,64
8744cec02ffffff,128
8744c3303ffffff,122
8744c1030ffffff,639
8744ce094ffffff,84
8744ce59cffffff,66
8744cec9affffff,47
8744c3375ffffff,250
8744ce006ffffff,123
8744c1688ffffff,2036
8744c30ddffffff,641
8744c3a1effffff,288
8744c3725ffffff,42
8744c3726ffffff,30
8744ce18affffff,208
8744c1233ffffff,3482
8744cecc5ffffff,347
8744ce925ffffff,2367
8744c324affffff,115
8744c1232ffffff,4529
8744c13abffffff,4104
8744ce146ffffff,212
8744cece8ffffff,165
8744c14c6ffffff,110
8744c329affffff,384
8744c3360ffffff,104
8744ce8f6ffffff,262
8744c32d0ffffff,61
8744c32caffffff,243
8744c1453ffffff,64
8744ce9abffffff,324
8744c1210ffffff,1566
8744ce511ffffff,188
8744ce515ffffff,170
8744ce152ffffff,56
8744ced0bffffff,84
8744c335effffff,203
8744c3a35ffffff,341
8744ce116ffffff,372
8744c3266ffffff,78
8744c14e4ffffff,113
8744c169bffffff,1797
8744dd933ffffff,271
8744ce031ffffff,157
8744ce506ffffff,236
8744c14dcffffff,87
8744c3742ffffff,40
8744ce420ffffff,517
8744c1214ffffff,3057
8744c3950ffffff,295
8744cc49effffff,664
8744c14e5ffffff,99
8744ce8f2ffffff,497
8744dd964ffffff,589
8744c1612ffffff,1965
8744c330cffffff,214
8744dd902ffffff,246
8744c111effffff,870
8744ced0affffff,105
8744c14ddffffff,40
8744ce170ffffff,272
8744c32d3ffffff,76
8744c32d5ffffff,70
8744c179dffffff,627
8744c3243ffffff,122
8744c325cffffff,148
8744ce09bffffff,67
8744ce8d8ffffff,238
8744c3359ffffff,80
8744c3318ffffff,152
8744c14a3ffffff,81
8744c1489ffffff,93
8744ce030ffffff,399
8744c12a8ffffff,5487
8744ce160ffffff,109
8744c3065ffffff,46
8744c12d4ffffff,3255
8744c32eaffffff,493
8744ce8deffffff,513
8744c12c1ffffff,2258
8744c3a60ffffff,50
8744cec99ffffff,108
8744ce902ffffff,508
8744ce513ffffff,303
8744c169cffffff,122
8744dd915ffffff,268
8744ce175ffffff,228
8744c3669ffffff,100
8744ce422ffffff,279
8744c151bffffff,53
8744c1436ffffff,46
8744c1582ffffff,39
8744c3b4cffffff,674
8744c1599ffffff,819
8744c3629ffffff,46
8744ced84ffffff,657
8744cecd4ffffff,108
8744c12d1ffffff,3467
8744c14e3ffffff,97
8744ce142ffffff,29
8744ce151ffffff,33
8744c32b1ffffff,56
8744c3722ffffff,28
8744cec8bffffff,94
8744c320cffffff,126
8744c12f6ffffff,3276
8744ced14ffffff,504
8744c3b53ffffff,2928
8744ce164ffffff,311
8744c1281ffffff,4320
8744c1633ffffff,1584
8744ce502ffffff,336
8744c314cffffff,56
8744c3242ffffff,106
8744cecf6ffffff,82
8744c3a21ffffff,1176
8744ce166ffffff,223
8744ce150ffffff,55
8744c109dffffff,319
8744ce180ffffff,264
8744ce033ffffff,289
8744c14a5ffffff,390
8744c128cffffff,5228
8744c3a81ffffff,357
8744ce185ffffff,486
8744ce163ffffff,45
8744ce8d9ffffff,681
8744c330effffff,67
8744ce580ffffff,116
8744ce8c8ffffff,385
8744c1ab6ffffff,1889
8744c165cffffff,365
8744c128bffffff,6509
8744ce1a2ffffff,342
8744c16f2ffffff,551
8744c3218ffffff,48
8744ce8f0ffffff,360
8744ce911ffffff,1088
8744c3724ffffff,40
8744c3399ffffff,113
8744c158dffffff,160
8744ced23ffffff,48
8744c10d4ffffff,899
8744ce944ffffff,822
8744ceca8ffffff,172
8744c3760ffffff,67
8744c168dffffff,509
8744c1636ffffff,1755
8744c3764ffffff,1204
8744ce18effffff,413
8744cecb3ffffff,86
8744dd901ffffff,204
8744ce08cffffff,16
8744c32b4ffffff,51
8744ce181ffffff,482
8744c169effffff,88
8744c3b41ffffff,1226
8744c14a4ffffff,252
8744c14a1ffffff,62
8744cec62ffffff,36
8744c339dffffff,37
8744c3721ffffff,42
8744ced09ffffff,121
8744c1af3ffffff,5074
8744c1b08ffffff,881
8744c1a2bffffff,689
8744c3308ffffff,185
8744c135bffffff,2712
8744c14e0ffffff,51
8744ce183ffffff,423
8744c3a26ffffff,964
8744ce155ffffff,47
8744c1698ffffff,1006
8744ce524ffffff,93
8744cecd0ffffff,42
8744cecd6ffffff,44
8744ce0aaffffff,183
8744dd934ffffff,557
8744ced16ffffff,204
8744c3a45ffffff,44
8744ce1a4ffffff,244
8744c10c2ffffff,2049
8744ce1aaffffff,510
8744cec90ffffff,70
8744c169dffffff,299
8744c3746ffffff,45
8744c14d3ffffff,49
8744cec89ffffff,52
8744c3365ffffff,199
8744dd904ffffff,123
8744c108effffff,434
8744ce960ffffff,1319
8744ce8f4ffffff,429
8744c3ba4ffffff,47
8744c158bffffff,52
8744ce035ffffff,82
8744c33adffffff,66
8744cec4bffffff,186
8744ced20ffffff,244
8744ce0a8ffffff,356
8744ceca9ffffff,204
8744c12f2ffffff,4465
8744cec94ffffff,60
8744cece3ffffff,43
8744c3a6dffffff,497
8744c3240ffffff,70
8744c3b42ffffff,1438
8744c370cffffff,77
8744c3a25ffffff,793
8744c108dffffff,302
8744c108cffffff,337
8744c1001ffffff,2378
8744c12c4ffffff,1247
8744ce0aeffffff,375
8744cec1affffff,152
8744ced12ffffff,69
8744ce1a0ffffff,366
8744ce1a6ffffff,224
8744cec95ffffff,103
8744ced10ffffff,31
8744ce0abffffff,164
8744c3b43ffffff,647
8744c1456ffffff,36
8744c3a40ffffff,53
8744c12c0ffffff,3174
8744cecadffffff,118
8744c12a9ffffff,5568
8744c1088ffffff,74
8744c1b72ffffff,1241
8744c135affffff,2443
8744ced13ffffff,110
8744ce965ffffff,498
8744c1642ffffff,1874
8744ce94dffffff,72
8744c14f1ffffff,34
8744cececffffff,2116
8744c3353ffffff,41
8744cec1bffffff,108
8744ce8d5ffffff,409
8744ce0a9ffffff,79
8744c3b45ffffff,549
8744ce510ffffff,87
8744ce8c6ffffff,265
8744c3b44ffffff,658
8744c3b46ffffff,1198
8744c3b40ffffff,880
8744c1ab0ffffff,753
8744c105affffff,507
8744c371cffffff,20
8744c3755ffffff,20
8744c362dffffff,29
8744c12edffffff,664
8744c3a20ffffff,2101
8744c135effffff,2991
8744c1301ffffff,6205
8744c1209ffffff,1780
8744c120bffffff,1801
8744c121affffff,3462
8744c1250ffffff,944
8744c1252ffffff,863
8744c1253ffffff,1138
8744c1254ffffff,1121
8744c1256ffffff,1803
8744c1270ffffff,1286
8744c1271ffffff,1358
8744c1272ffffff,3643
8744c1273ffffff,712
8744c1275ffffff,2855
8744c1282ffffff,3019
8744c1299ffffff,2222
8744c129dffffff,3292
8744c12a3ffffff,1541
8744c12c5ffffff,1604
8744c12e0ffffff,1534
8744c12e1ffffff,1210
8744c12e2ffffff,3073
8744c12e3ffffff,1752
8744c12e4ffffff,1818
8744c12e5ffffff,868
8744c12e8ffffff,796
8744c12ecffffff,1269
8744c12eeffffff,1724
8744c3041ffffff,0
8744c3045ffffff,2
8744c370effffff,13
8744c305effffff,0
8744c306cffffff,19
8744c309bffffff,2
8744c30c9ffffff,0
8744c30daffffff,8
8744c30dbffffff,4
8744c30e2ffffff,10
8744c30e3ffffff,0
8744c30ebffffff,0
8744c30ecffffff,0
8744c30edffffff,0
8744c30eeffffff,0
8744c30f1ffffff,17
8744c30f2ffffff,0
8744c30f3ffffff,7
8744c372bffffff,12
8744c372cffffff,8
8744c372dffffff,24
8744c3258ffffff,35
8744c3736ffffff,8
8744c3743ffffff,23
8744c325effffff,16
8744c3261ffffff,8
8744c3750ffffff,4
8744c3751ffffff,8
8744c3752ffffff,0
8744c3265ffffff,0
8744c3756ffffff,14
8744c3268ffffff,24
8744c3769ffffff,30
8744c3772ffffff,0
8744c3774ffffff,0
8744c3776ffffff,15
8744c3a5dffffff,0
8744c32c3ffffff,25
8744c3331ffffff,5
8744c336cffffff,22
8744c3386ffffff,81
8744c3393ffffff,33
8744c3394ffffff,14
8744c3398ffffff,57
8744c339affffff,77
8744c33a0ffffff,3
8744c33a6ffffff,0
8744c33b0ffffff,9
8744c33b2ffffff,8
8744c33b3ffffff,10
8744c3448ffffff,0
8744c344cffffff,0
8744c3645ffffff,17
8744ce002ffffff,10
8744ce008ffffff,0
8744ce010ffffff,21
8744ce015ffffff,2
8744ce016ffffff,8
8744ce019ffffff,0
8744ce01affffff,37
8744c3662ffffff,31
8744ce01bffffff,0
8744ce01dffffff,6
8744c366affffff,0
8744ce028ffffff,0
8744c3674ffffff,30
8744c3675ffffff,16
8744ce066ffffff,0
8744ce085ffffff,0
8744ce091ffffff,25
8744ce0a5ffffff,13
8744ce0b1ffffff,22
8744ce0e4ffffff,0
8744c3708ffffff,0
8744c3709ffffff,3
8744c370bffffff,0
8744ce819ffffff,32
8744ce849ffffff,0
8744ce910ffffff,0
8744ce914ffffff,0
8744ce915ffffff,0
8744ce926ffffff,2706
8744ce933ffffff,0
8744ce945ffffff,0
8744ce958ffffff,0
8744ce959ffffff,0
8744ce95affffff,0
8744ce95bffffff,0
8744ce95effffff,0
8744ce96affffff,3
8744ce988ffffff,0
8744ce9a5ffffff,0
8744ce143ffffff,0
8744ce144ffffff,0
8744ce148ffffff,2
8744ce153ffffff,0
8744ce15affffff,0
8744ce15bffffff,0
8744dd929ffffff,9
8744ce16cffffff,0
8744ce16dffffff,2
8744ce174ffffff,0
8744dd930ffffff,8
8744dd932ffffff,0
8744dd936ffffff,14
8744ced96ffffff,74
8744ced98ffffff,18
8744ce400ffffff,0
8744ce403ffffff,8
8744ce405ffffff,0
8744ce406ffffff,20
8744ce408ffffff,20
8744ce40cffffff,0
8744ce40dffffff,5
8744ce424ffffff,40
8744ce425ffffff,33
8744ce428ffffff,0
8744ce42affffff,0
8744ce42cffffff,14
8744ce42dffffff,0
8744ce42effffff,9
8744ce444ffffff,0
8744ce446ffffff,2
8744ce461ffffff,8
8744ce473ffffff,23
8744ceb04ffffff,7
8744ce50cffffff,0
8744ce50dffffff,0
8744ceb11ffffff,2
8744ce528ffffff,0
8744ce529ffffff,8
8744ce52affffff,17
8744ce52bffffff,0
8744ce52cffffff,0
8744ceb13ffffff,0
8744ce52dffffff,0
8744ce52effffff,4
8744ceb14ffffff,0
8744ce531ffffff,33
8744ce535ffffff,8
8744ceb22ffffff,0
8744ceb23ffffff,0
8744ceb80ffffff,0
8744ceb83ffffff,42
8744ceb84ffffff,0
8744ceb85ffffff,0
8744ceb8cffffff,0
8744ceb8effffff,0
8744ceb92ffffff,0
8744ceb93ffffff,0
8744ceb9cffffff,0
8744ceb9effffff,0
8744ceba2ffffff,2
8744cebacffffff,0
8744cebaeffffff,0
8744cebb0ffffff,7
8744cebb1ffffff,0
8744cec04ffffff,15
8744cec06ffffff,10
8744cec22ffffff,47
8744cec25ffffff,26
8744cec41ffffff,0
8744cec6affffff,7
8744cec84ffffff,18
8744cec8cffffff,41
8744cecc4ffffff,0
8744cecd1ffffff,44
8744cecdeffffff,0
8744dd906ffffff,14
8744c38e8ffffff,8
8744c396affffff,23
8744c3a34ffffff,0
8744c3a93ffffff,10
8744c3a94ffffff,0
8744c3b61ffffff,2
8744c3b84ffffff,0
8744c3b86ffffff,0
8744c3b88ffffff,16
8744c3b91ffffff,20
8744c3b94ffffff,0
8744c3b95ffffff,8
8744c3b9effffff,0
8744c3ba6ffffff,0
8744c3baeffffff,5
8744c3bb0ffffff,23
8744c3bb1ffffff,4
8744c3bb4ffffff,0
8744c315cffffff,14
8744c315effffff,32
8744c3160ffffff,10
8744c3161ffffff,12
8744c3163ffffff,2
8744c14b6ffffff,2
8744c316cffffff,0
8744c1b64ffffff,0
8744c316dffffff,9
8744c1b65ffffff,4
8744c3171ffffff,19
8744c3176ffffff,0
8744c1b8affffff,0
8744c14d8ffffff,6
8744c10a3ffffff,5
8744c3001ffffff,16
8744c3002ffffff,0
8744c3004ffffff,0
8744c3006ffffff,0
8744c3011ffffff,0
8744c3018ffffff,0
8744c3019ffffff,14
8744c301affffff,0
8744c301bffffff,21
8744c301cffffff,7
8744c301dffffff,24
8744c301effffff,0
8744c3021ffffff,2
8744c3022ffffff,0
8744c3023ffffff,5
8744c3024ffffff,6
8744c3028ffffff,29
8744c302effffff,2
8744c3440ffffff,0
8744c3062ffffff,0
8744c158affffff,14
8744c3072ffffff,7
8744c1598ffffff,6
8744c3088ffffff,17
8744c308affffff,4
8744c308dffffff,19
8744c3098ffffff,2
8744c309affffff,0
8744c30a8ffffff,0
8744c30adffffff,8
8744c15abffffff,3
8744c30e4ffffff,8
8744c30f0ffffff,5
8744c3469ffffff,0
8744c30f4ffffff,0
8744c30f6ffffff,0
8744c3100ffffff,2
8744c3101ffffff,0
8744c346bffffff,0
8744c3105ffffff,4
8744c3108ffffff,32
8744c3109ffffff,19
8744c310cffffff,0
8744c3120ffffff,3
8744c3125ffffff,0
8744c3128ffffff,0
8744c3129ffffff,8
8744c312dffffff,14
8744c111bffffff,0
8744c3146ffffff,0
8744c314dffffff,0
8744c1719ffffff,51
8744c1220ffffff,1796
8744c1224ffffff,5268
8744c1226ffffff,3636
8744c1305ffffff,5086
8744c1319ffffff,4506
8744c1328ffffff,3630
8744c1329ffffff,2827
8744c132cffffff,1675
8744c132dffffff,1594
8744c1350ffffff,3307
8744c140effffff,0
8744c384affffff,0
8744c384effffff,14
8744c385bffffff,0
8744c142cffffff,0
8744c1444ffffff,8
8744c1a98ffffff,4413
8744c1ad2ffffff,2772
8744c1ad3ffffff,1519
8744c148dffffff,4
8744c1ad5ffffff,1652
8744c1ad6ffffff,4815
8744c1490ffffff,7
8744c1493ffffff,0
8744c38caffffff,0
8744c1495ffffff,0
8744c1496ffffff,0
8744c38d0ffffff,0
8744c1498ffffff,0
8744c38d1ffffff,0
8744c1499ffffff,8
8744c38d2ffffff,0
8744c38d3ffffff,0
8744c38d8ffffff,24
8744c38daffffff,6
8744ea4d9ffffff,0
8744ea4ebffffff,12
8744c3946ffffff,0
8744c3960ffffff,21
8744c3966ffffff,21
8744c151effffff,2
8744c1583ffffff,24
8744c1590ffffff,3
8744c15a4ffffff,0
8744c15b0ffffff,3
8744c15b2ffffff,5
8744ce08affffff,0
8744ce0e0ffffff,2
8744ce0e2ffffff,0
8744ce0e6ffffff,2
8744ce0f0ffffff,4
8744ce0f1ffffff,0
8744ce0f2ffffff,0
8744ce720ffffff,4
8744ce726ffffff,2
8744ce5a4ffffff,66
8744cec82ffffff,38
8744c32b5ffffff,26
8744c15aaffffff,22
8744c15adffffff,25
8744c1389ffffff,4665
8744ce088ffffff,49
8744c3301ffffff,64
8744cec0bffffff,57
8744cece5ffffff,93
8744cece4ffffff,57
8744c3b5bffffff,10
8744c331effffff,14
8744c3051ffffff,24
8744c30e0ffffff,24
8744c3025ffffff,23
8744c3050ffffff,11
8744c14aaffffff,4
8744c300dffffff,9
8744c30a9ffffff,5
8744c30f5ffffff,12